-- phpMyAdmin SQL Dump
-- version 4.1.4
-- http://www.phpmyadmin.net
--
-- Host: 127.0.0.1
-- Generation Time: Aug 04, 2017 at 03:18 PM
-- Server version: 5.6.15-log
-- PHP Version: 5.4.24

SET SQL_MODE = "NO_AUTO_VALUE_ON_ZERO";
SET time_zone = "+00:00";


/*!40101 SET @OLD_CHARACTER_SET_CLIENT=@@CHARACTER_SET_CLIENT */;
/*!40101 SET @OLD_CHARACTER_SET_RESULTS=@@CHARACTER_SET_RESULTS */;
/*!40101 SET @OLD_COLLATION_CONNECTION=@@COLLATION_CONNECTION */;
/*!40101 SET NAMES utf8 */;

--
-- Database: `pitch_discrimination`
--
CREATE DATABASE IF NOT EXISTS `pitch_discrimination` DEFAULT CHARACTER SET latin1 COLLATE latin1_swedish_ci;
USE `pitch_discrimination`;

-- --------------------------------------------------------

--
-- Table structure for table `aims_answers`
--

DROP TABLE IF EXISTS `aims_answers`;
CREATE TABLE IF NOT EXISTS `aims_answers` (
  `id` int(11) NOT NULL AUTO_INCREMENT,
  `questionid` int(11) NOT NULL,
  `optionid` int(11) NOT NULL,
  `addeddate` datetime DEFAULT NULL,
  `active` tinyint(1) DEFAULT NULL,
  PRIMARY KEY (`id`),
  KEY `questionid` (`questionid`),
  KEY `optionid` (`optionid`)
) ENGINE=InnoDB DEFAULT CHARSET=utf8 AUTO_INCREMENT=1 ;

-- --------------------------------------------------------

--
-- Table structure for table `aims_certile`
--

DROP TABLE IF EXISTS `aims_certile`;
CREATE TABLE IF NOT EXISTS `aims_certile` (
  `id` int(11) NOT NULL AUTO_INCREMENT,
  `score` int(5) NOT NULL,
  `certile` int(5) NOT NULL,
  `createddate` datetime NOT NULL,
  `updatedate` datetime DEFAULT NULL,
  PRIMARY KEY (`id`)
) ENGINE=InnoDB  DEFAULT CHARSET=utf8 AUTO_INCREMENT=58 ;

--
-- Dumping data for table `aims_certile`
--

INSERT INTO `aims_certile` (`id`, `score`, `certile`, `createddate`, `updatedate`) VALUES
(1, 0, 5, '2016-08-17 21:24:45', '2016-08-17 21:24:49'),
(2, 1, 5, '2016-08-17 21:25:05', '2016-08-17 21:25:09'),
(3, 2, 5, '2016-08-17 21:25:24', '2016-08-17 21:25:27'),
(4, 3, 5, '2016-08-17 21:25:40', '2016-08-17 21:25:44'),
(5, 4, 5, '2016-08-17 21:36:57', '2016-08-17 21:37:00'),
(6, 6, 5, '2016-08-19 00:00:00', '2016-08-19 00:00:00'),
(7, 7, 5, '2016-08-19 00:00:00', '2016-08-19 00:00:00'),
(8, 7, 5, '2016-08-19 00:00:00', '2016-08-19 00:00:00'),
(9, 8, 5, '2016-08-19 00:00:00', '2016-08-19 00:00:00'),
(11, 9, 5, '2016-08-19 00:00:00', '2016-08-19 00:00:00'),
(13, 10, 5, '2016-08-19 00:00:00', '2016-08-19 00:00:00'),
(14, 11, 5, '2016-08-19 00:00:00', '2016-08-19 00:00:00'),
(17, 12, 5, '2016-08-19 00:00:00', '2016-08-19 00:00:00'),
(18, 13, 5, '2016-08-19 00:00:00', '2016-08-19 00:00:00'),
(20, 14, 5, '2016-08-19 00:00:00', '2016-08-19 00:00:00'),
(22, 15, 6, '2016-08-19 00:00:00', '2016-08-19 00:00:00'),
(26, 16, 8, '2016-08-19 00:00:00', '2016-08-19 00:00:00'),
(27, 17, 10, '2016-08-19 00:00:00', '2016-08-19 00:00:00'),
(28, 18, 14, '2016-08-19 00:00:00', '2016-08-19 00:00:00'),
(30, 19, 17, '2016-08-19 00:00:00', '2016-08-12 00:00:00'),
(31, 19, 17, '2016-08-19 00:00:00', '2016-08-12 00:00:00'),
(32, 20, 20, '2016-08-19 00:00:00', '2016-08-19 00:00:00'),
(34, 21, 25, '2016-08-19 00:00:00', '2016-08-19 00:00:00'),
(37, 22, 30, '2016-08-19 00:00:00', '2016-08-19 00:00:00'),
(38, 23, 35, '2016-08-19 00:00:00', '2016-08-19 00:00:00'),
(39, 22, 35, '2016-08-19 00:00:00', '2016-08-19 00:00:00'),
(40, 23, 35, '2016-08-19 00:00:00', '2016-08-19 00:00:00'),
(41, 23, 35, '2016-08-19 00:00:00', '2016-08-19 00:00:00'),
(42, 16, 8, '2016-08-19 00:00:00', '2016-08-19 00:00:00'),
(43, 22, 30, '2016-08-19 00:00:00', '2016-08-19 00:00:00'),
(44, 22, 35, '2016-08-19 00:00:00', '2016-08-19 00:00:00'),
(45, 23, 35, '2016-08-19 00:00:00', '2016-08-12 00:00:00'),
(46, 24, 40, '2016-08-19 00:00:00', '2016-08-19 00:00:00'),
(47, 25, 45, '2016-08-19 00:00:00', '2016-08-12 00:00:00'),
(48, 26, 50, '2016-08-19 00:00:00', '2016-08-19 00:00:00'),
(49, 27, 56, '2016-08-19 00:00:00', '2016-08-12 00:00:00'),
(50, 28, 62, '2016-08-19 00:00:00', '2016-08-19 00:00:00'),
(51, 29, 68, '2016-08-19 00:00:00', '2016-08-19 00:00:00'),
(52, 30, 75, '2016-08-19 00:00:00', '2016-08-19 00:00:00'),
(53, 31, 81, '2016-08-19 00:00:00', '2016-08-19 00:00:00'),
(54, 32, 87, '2016-08-19 00:00:00', '2016-08-19 00:00:00'),
(55, 33, 91, '2016-08-19 00:00:00', '2016-08-12 00:00:00'),
(56, 34, 96, '2016-08-19 00:00:00', '2016-08-19 00:00:00'),
(57, 35, 97, '2016-08-19 00:00:00', '2016-08-19 00:00:00');

-- --------------------------------------------------------

--
-- Table structure for table `aims_questions`
--

DROP TABLE IF EXISTS `aims_questions`;
CREATE TABLE IF NOT EXISTS `aims_questions` (
  `id` int(11) NOT NULL AUTO_INCREMENT,
  `questioncode` varchar(15) NOT NULL,
  `questionname` varchar(100) DEFAULT NULL,
  `questiondesc` varchar(255) DEFAULT NULL,
  `questiontype` varchar(8) NOT NULL,
  `audiopath` varchar(255) NOT NULL,
  `audiofilename` varchar(100) NOT NULL,
  `answer` int(2) NOT NULL,
  `active` tinyint(1) DEFAULT '1',
  `addeddate` datetime DEFAULT NULL,
  `includeinscoring` tinyint(1) DEFAULT '1',
  PRIMARY KEY (`id`),
  UNIQUE KEY `questioncode` (`questioncode`)
) ENGINE=InnoDB  DEFAULT CHARSET=utf8 AUTO_INCREMENT=158 ;

--
-- Dumping data for table `aims_questions`
--

INSERT INTO `aims_questions` (`id`, `questioncode`, `questionname`, `questiondesc`, `questiontype`, `audiopath`, `audiofilename`, `answer`, `active`, `addeddate`, `includeinscoring`) VALUES
(105, 'Test Item 1', NULL, NULL, 'test', 'uploads/20160825/20160825181821.wav', '20160825181821.wav', 2, 0, '2016-08-25 18:08:21', 1),
(106, 'Test Item 2', NULL, NULL, 'test', 'uploads/20160825/20160825181845.wav', '20160825181845.wav', 2, 0, '2016-08-25 18:08:45', 1),
(107, 'Test Item 3', NULL, NULL, 'test', 'uploads/20160825/20160825181900.wav', '20160825181900.wav', 3, 0, '2016-08-25 18:08:00', 1),
(108, 'Test Item 4', NULL, NULL, 'test', 'uploads/20160825/20160825181914.wav', '20160825181914.wav', 3, 0, '2016-08-25 18:08:14', 1),
(109, 'Test Item 5', NULL, NULL, 'test', 'uploads/20160825/20160825182016.wav', '20160825182016.wav', 3, 0, '2016-08-25 18:08:16', 1),
(110, 'Test Item 6', NULL, NULL, 'test', 'uploads/20160825/20160825182153.wav', '20160825182153.wav', 2, 0, '2016-08-25 18:08:53', 1),
(111, 'Test Item 7', NULL, NULL, 'test', 'uploads/20160825/20160825182213.wav', '20160825182213.wav', 4, 0, '2016-08-25 18:08:13', 1),
(112, 'Test Item 8', NULL, NULL, 'test', 'uploads/20160825/20160825182236.wav', '20160825182236.wav', 3, 1, '2016-08-25 18:08:36', 1),
(113, 'Test Item 9', NULL, NULL, 'test', 'uploads/20160825/20160825182254.wav', '20160825182254.wav', 2, 1, '2016-08-25 18:08:54', 1),
(114, 'Test Item 10', NULL, NULL, 'test', 'uploads/20160825/20160825182328.wav', '20160825182328.wav', 1, 0, '2016-08-25 18:08:28', 1),
(115, 'Test Item 11', NULL, NULL, 'test', 'uploads/20160825/20160825182400.wav', '20160825182400.wav', 2, 0, '2016-08-25 18:08:00', 1),
(116, 'Test Item 12', NULL, NULL, 'test', 'uploads/20160825/20160825182906.wav', '20160825182906.wav', 4, 0, '2016-08-25 18:08:06', 1),
(117, 'Test Item 13', NULL, NULL, 'test', 'uploads/20160825/20160825182918.wav', '20160825182918.wav', 3, 1, '2016-08-25 18:08:18', 1),
(118, 'Test Item 14', NULL, NULL, 'test', 'uploads/20160825/20160825182935.wav', '20160825182935.wav', 2, 1, '2016-08-25 18:08:35', 1),
(119, 'Test Item 15', NULL, NULL, 'test', 'uploads/20160825/20160825182952.wav', '20160825182952.wav', 4, 1, '2016-08-25 18:08:52', 1),
(120, 'Test Item 16', NULL, NULL, 'test', 'uploads/20160825/20160825183018.wav', '20160825183018.wav', 5, 1, '2016-08-25 18:08:18', 1),
(121, 'Test Item 17', NULL, NULL, 'test', 'uploads/20160825/20160825183031.wav', '20160825183031.wav', 5, 1, '2016-08-25 18:08:31', 1),
(122, 'Test Item 18', NULL, NULL, 'test', 'uploads/20160825/20160825183049.wav', '20160825183049.wav', 4, 1, '2016-08-25 18:08:49', 1),
(123, 'Test Item 19', NULL, NULL, 'test', 'uploads/20160825/20160825183106.wav', '20160825183106.wav', 3, 1, '2016-08-25 18:08:06', 1),
(124, 'Test Item 20', NULL, NULL, 'test', 'uploads/20160825/20160825183148.wav', '20160825183148.wav', 3, 1, '2016-08-25 18:08:48', 1),
(125, 'Test Item 21', NULL, NULL, 'test', 'uploads/20160825/20160825183237.wav', '20160825183237.wav', 5, 1, '2016-08-25 18:08:37', 1),
(126, 'Test Item 22', NULL, NULL, 'test', 'uploads/20160825/20160825183252.wav', '20160825183252.wav', 5, 1, '2016-08-25 18:08:52', 1),
(127, 'Test Item 23', NULL, NULL, 'test', 'uploads/20160825/20160825183331.wav', '20160825183331.wav', 2, 1, '2016-08-25 18:08:31', 1),
(128, 'Test Item 24', NULL, NULL, 'test', 'uploads/20160825/20160825183402.wav', '20160825183402.wav', 4, 1, '2016-08-25 18:08:02', 1),
(129, 'Test Item 25', NULL, NULL, 'test', 'uploads/20160825/20160825183426.wav', '20160825183426.wav', 3, 1, '2016-08-25 18:08:26', 1),
(130, 'Test Item 26', NULL, NULL, 'test', 'uploads/20160825/20160825183449.wav', '20160825183449.wav', 5, 1, '2016-08-25 18:08:49', 1),
(131, 'Test Item 27', NULL, NULL, 'test', 'uploads/20160825/20160825183507.wav', '20160825183507.wav', 5, 1, '2016-08-25 18:08:07', 1),
(132, 'Test Item 28', NULL, NULL, 'test', 'uploads/20160825/20160825183521.wav', '20160825183521.wav', 1, 1, '2016-08-25 18:08:21', 1),
(133, 'Test Item 29', NULL, NULL, 'test', 'uploads/20160825/20160825183550.wav', '20160825183550.wav', 2, 1, '2016-08-25 18:08:50', 1),
(134, 'Test Item 30', NULL, NULL, 'test', 'uploads/20160825/20160825183603.wav', '20160825183603.wav', 1, 1, '2016-08-25 18:08:03', 1),
(135, 'Test Item 31', NULL, NULL, 'test', 'uploads/20160825/20160825183641.wav', '20160825183641.wav', 6, 1, '2016-08-25 18:08:41', 1),
(136, 'Test Item 32', NULL, NULL, 'test', 'uploads/20160825/20160825183705.wav', '20160825183705.wav', 3, 1, '2016-08-25 18:08:05', 1),
(137, 'Test Item 33', NULL, NULL, 'test', 'uploads/20160825/20160825183732.wav', '20160825183732.wav', 6, 1, '2016-08-25 18:08:32', 1),
(138, 'Test Item 34', NULL, NULL, 'test', 'uploads/20160825/20160825183745.wav', '20160825183745.wav', 4, 1, '2016-08-25 18:08:45', 1),
(139, 'Test Item 35', NULL, NULL, 'test', 'uploads/20160825/20160825183806.wav', '20160825183806.wav', 2, 1, '2016-08-25 18:08:06', 1),
(140, 'Test Item 36', NULL, NULL, 'test', 'uploads/20170324/20170324043101.wav', '20170324043101.wav', 6, 1, '2017-03-24 04:03:01', 0),
(141, 'Test Item 37', NULL, NULL, 'test', 'uploads/20170324/20170324043202.wav', '20170324043202.wav', 4, 1, '2017-03-24 04:03:02', 0),
(142, 'Test Item 38', NULL, NULL, 'test', 'uploads/20170324/20170324043317.wav', '20170324043317.wav', 3, 1, '2017-03-24 04:03:17', 0),
(143, 'Test Item 39', NULL, NULL, 'test', 'uploads/20170324/20170324043425.wav', '20170324043425.wav', 4, 1, '2017-03-24 04:03:25', 0),
(144, 'Test Item 40', NULL, NULL, 'test', 'uploads/20170324/20170324043608.wav', '20170324043608.wav', 4, 1, '2017-03-24 04:03:08', 0),
(148, 'item code 43', NULL, NULL, 'practice', 'uploads/20170802/20170802090348.wav', '20170802090348.wav', 1, 1, '2017-08-02 09:08:48', 1),
(149, 'Item code 35', NULL, NULL, 'practice', 'uploads/20170802/20170802090918.wav', '20170802090918.wav', 2, 1, '2017-08-02 09:08:18', 1),
(150, 'item code 34', NULL, NULL, 'practice', 'uploads/20170802/20170802091026.wav', '20170802091026.wav', 2, 1, '2017-08-02 09:08:26', 0),
(153, 'Item code 45', NULL, NULL, 'test', 'uploads/20170802/20170802135218.wav', '20170802135218.wav', 2, 1, '2017-08-02 13:08:18', 1),
(154, 'item code 32', NULL, NULL, 'test', 'uploads/20170802/20170802135314.wav', '20170802135314.wav', 2, 1, '2017-08-02 13:08:14', 1),
(155, 'item code 31', NULL, NULL, 'test', 'uploads/20170802/20170802140028.wav', '20170802140028.wav', 1, 0, '2017-08-02 14:08:28', 1),
(156, 'item code 30', NULL, NULL, 'test', 'uploads/20170802/20170802140127.wav', '20170802140127.wav', 2, 0, '2017-08-02 14:08:27', 1),
(157, 'item code 29', NULL, NULL, 'test', 'uploads/20170802/20170802145717.wav', '20170802145717.wav', 2, 1, '2017-08-02 14:08:17', 1);

-- --------------------------------------------------------

--
-- Table structure for table `aims_question_options`
--

DROP TABLE IF EXISTS `aims_question_options`;
CREATE TABLE IF NOT EXISTS `aims_question_options` (
  `id` int(11) NOT NULL AUTO_INCREMENT,
  `questionid` int(11) NOT NULL,
  `option` varchar(255) NOT NULL,
  `option_path` varchar(255) NOT NULL,
  `addeddate` datetime DEFAULT NULL,
  `active` tinyint(1) DEFAULT NULL,
  PRIMARY KEY (`id`),
  KEY `questionid` (`questionid`)
) ENGINE=InnoDB DEFAULT CHARSET=utf8 AUTO_INCREMENT=1 ;

-- --------------------------------------------------------

--
-- Table structure for table `aims_users`
--

DROP TABLE IF EXISTS `aims_users`;
CREATE TABLE IF NOT EXISTS `aims_users` (
  `id` int(11) NOT NULL AUTO_INCREMENT,
  `firstname` varchar(30) NOT NULL,
  `lastname` varchar(30) NOT NULL,
  `age` varchar(6) DEFAULT NULL,
  `gender` varchar(6) NOT NULL,
  `filenumber` varchar(30) NOT NULL,
  `addeddate` datetime NOT NULL,
  `completeddate` datetime NOT NULL,
  `active` tinyint(1) DEFAULT '1',
  `status` tinyint(1) NOT NULL,
  PRIMARY KEY (`id`),
  UNIQUE KEY `filenumber` (`filenumber`)
) ENGINE=InnoDB  DEFAULT CHARSET=utf8 AUTO_INCREMENT=91 ;

--
-- Dumping data for table `aims_users`
--

INSERT INTO `aims_users` (`id`, `firstname`, `lastname`, `age`, `gender`, `filenumber`, `addeddate`, `completeddate`, `active`, `status`) VALUES
(53, 'Letty', 'Knerk', '17', 'Female', '3A-D-2016-LLL', '2016-08-25 20:08:43', '0000-00-00 00:00:00', 1, 0),
(54, 'Terri', 'Knerk', '33', 'Female', '3A-D-2016-TTT', '2016-08-25 20:08:15', '0000-00-00 00:00:00', 1, 0),
(55, 'Deven', 'Fulton', '26', 'Male', '103A-D-2016-DEV', '2016-09-02 16:09:39', '0000-00-00 00:00:00', 1, 0),
(56, 'madison', 'lee', '18', 'Female', '103A-D-2016-759', '2016-09-29 17:09:24', '0000-00-00 00:00:00', 1, 0),
(57, 'Mariah', 'Muic', '17', 'Female', '103A-D-2016-766', '2016-10-09 13:10:12', '0000-00-00 00:00:00', 1, 0),
(58, 'Cameron', 'Kotek', '18', 'Male', '103A-D-2016-769', '2016-10-09 16:10:13', '0000-00-00 00:00:00', 1, 0),
(59, 'River', 'Young', '17', 'Male', '103A-D-2016-793', '2016-10-09 17:10:26', '0000-00-00 00:00:00', 1, 0),
(60, 'Blake', 'Schwier', '16', 'Male', '103A-D-2016-791', '2016-10-09 20:10:53', '0000-00-00 00:00:00', 1, 0),
(61, 'laura', 'schwier', '18', 'Female', '103A-D-2016-796', '2016-10-10 13:10:34', '0000-00-00 00:00:00', 1, 0),
(62, 'macy', 'urbanosky', '17', 'Female', '103A-D-2016-772', '2016-10-10 13:10:42', '0000-00-00 00:00:00', 1, 0),
(63, 'Haynes', 'Lafferty', '17', 'Male', '103A-D-2016-777', '2016-10-14 17:10:10', '0000-00-00 00:00:00', 1, 0),
(64, 'Deven', 'Fulton', '26', 'Male', '103A-D-2016-', '2016-10-18 20:10:08', '0000-00-00 00:00:00', 1, 0),
(65, 'Todd', 'Owens', '17', 'Male', '103A-D-2016-787', '2016-10-20 17:10:29', '0000-00-00 00:00:00', 1, 0),
(66, 'Zachary', 'Richardson', '17', 'Male', '103A-D-2016-790', '2016-10-21 13:10:33', '0000-00-00 00:00:00', 1, 0),
(67, 'Elle', 'Young', '19', 'Female', '103A-D-2016-804', '2016-10-26 17:10:59', '0000-00-00 00:00:00', 1, 0),
(68, 'Check', 'Volume', '22', 'Female', '103B-D-2017-zzzz', '2017-03-28 17:03:03', '0000-00-00 00:00:00', 1, 0),
(69, 'Leslie', 'Trimble', '26', 'Female', '103B-D-2017-B', '2017-04-05 14:04:59', '0000-00-00 00:00:00', 1, 0),
(70, 'kelli', 'connelly', '38', 'Female', '103B-D-2017-NA', '2017-04-05 17:04:28', '0000-00-00 00:00:00', 1, 0),
(71, 'Morris', 'Bryant', '56', 'Male', '103B-D-2017-182', '2017-04-05 18:04:15', '0000-00-00 00:00:00', 1, 0),
(72, 'test', 'tst', '102', 'Male', '103B-D-2017-a', '2017-04-07 18:04:16', '0000-00-00 00:00:00', 1, 0),
(73, 'Emilio', 'Trocha', '17', 'Male', '103B-D-2017-186', '2017-04-10 16:04:43', '0000-00-00 00:00:00', 1, 0),
(74, 'benjamin', 'dawson', '19', 'Male', '103B-D-2017-190', '2017-04-13 20:04:45', '0000-00-00 00:00:00', 1, 0),
(75, 'Joel', 'Soape', '31', 'Male', '103B-D-2017-203', '2017-04-17 16:04:21', '0000-00-00 00:00:00', 1, 0),
(76, 'Rebecca', 'Parsons', '17', 'Female', '103B-D-2017-200', '2017-04-17 16:04:59', '0000-00-00 00:00:00', 1, 0),
(77, 'Sara', 'Hudson', '35', 'Female', '103B-D-2017-204', '2017-04-17 20:04:18', '0000-00-00 00:00:00', 1, 0),
(78, 'Katrina', 'Peller', '29', 'Female', '103B-D-2017-206', '2017-04-18 16:04:52', '0000-00-00 00:00:00', 1, 0),
(79, 'Ashley', 'Brown', '19', 'Female', '103B-D-2017-210', '2017-04-19 16:04:47', '0000-00-00 00:00:00', 1, 0),
(80, 'Justin', 'Beck', '28', 'Male', '103B-D-2017-208', '2017-04-20 16:04:59', '0000-00-00 00:00:00', 1, 0),
(81, 'Nathan', 'Reed', '26', 'Male', '103B-D-2017-211', '2017-04-21 17:04:33', '0000-00-00 00:00:00', 1, 0),
(82, 'Jason', 'Earles', '27', 'Male', '103B-D-2017-215', '2017-04-24 20:04:39', '0000-00-00 00:00:00', 1, 0),
(83, 'Luke', 'Nethery', '18', 'Male', '103B-D-2017-217', '2017-04-25 14:04:50', '0000-00-00 00:00:00', 1, 0),
(84, 'Holden', 'Cherry', '20', 'Male', '103B-D-2017-219', '2017-04-26 16:04:43', '0000-00-00 00:00:00', 1, 0),
(85, 'Christin', 'Vomastek', '17', 'Female', '103B-D-2017-225', '2017-04-28 16:04:19', '0000-00-00 00:00:00', 1, 0),
(86, 'Hannah', 'Grandt', '19', 'Female', '103B-D-2017-226', '2017-05-01 16:05:14', '0000-00-00 00:00:00', 1, 0),
(87, 'Megan', 'Reynolds', '22', 'Female', '103B-D-2017-229', '2017-05-03 16:05:21', '0000-00-00 00:00:00', 1, 0),
(88, 'Malachi', 'Hamada', '21', 'Male', '103B-D-2017-237', '2017-05-09 16:05:52', '0000-00-00 00:00:00', 1, 0),
(89, 'Tess', 'Case', '32', 'Female', '103B-D-2017-zzzzz', '2017-06-26 16:06:44', '0000-00-00 00:00:00', 1, 0),
(90, 'sfasda', '', '', '', '103B-D-2017-', '2017-07-30 07:07:18', '0000-00-00 00:00:00', 1, 0);

-- --------------------------------------------------------

--
-- Table structure for table `aims_user_answers`
--

DROP TABLE IF EXISTS `aims_user_answers`;
CREATE TABLE IF NOT EXISTS `aims_user_answers` (
  `id` int(11) NOT NULL AUTO_INCREMENT,
  `userid` int(11) NOT NULL,
  `questionid` int(11) NOT NULL,
  `optionid` int(11) NOT NULL,
  `addeddate` datetime DEFAULT NULL,
  PRIMARY KEY (`id`),
  KEY `userid` (`userid`),
  KEY `questionid` (`questionid`),
  KEY `optionid` (`optionid`)
) ENGINE=InnoDB  DEFAULT CHARSET=utf8 AUTO_INCREMENT=1779 ;

--
-- Dumping data for table `aims_user_answers`
--

INSERT INTO `aims_user_answers` (`id`, `userid`, `questionid`, `optionid`, `addeddate`) VALUES
(529, 53, 105, 2, '2016-08-25 20:08:39'),
(530, 53, 106, 3, '2016-08-25 20:08:49'),
(531, 53, 107, 3, '2016-08-25 20:08:59'),
(532, 53, 108, 3, '2016-08-25 20:08:09'),
(533, 53, 109, 3, '2016-08-25 20:08:20'),
(534, 53, 110, 2, '2016-08-25 20:08:11'),
(535, 53, 111, 4, '2016-08-25 20:08:22'),
(536, 53, 112, 3, '2016-08-25 20:08:33'),
(537, 53, 113, 2, '2016-08-25 20:08:43'),
(538, 53, 114, 1, '2016-08-25 20:08:54'),
(539, 53, 115, 2, '2016-08-25 20:08:06'),
(540, 53, 116, 4, '2016-08-25 20:08:17'),
(541, 53, 117, 3, '2016-08-25 20:08:28'),
(542, 53, 118, 2, '2016-08-25 20:08:40'),
(543, 53, 119, 4, '2016-08-25 20:08:51'),
(544, 53, 120, 5, '2016-08-25 20:08:26'),
(545, 53, 121, 5, '2016-08-25 20:08:39'),
(546, 53, 122, 4, '2016-08-25 20:08:51'),
(547, 53, 123, 3, '2016-08-25 20:08:02'),
(548, 53, 124, 5, '2016-08-25 20:08:47'),
(549, 53, 125, 5, '2016-08-25 20:08:00'),
(550, 53, 126, 2, '2016-08-25 20:08:14'),
(551, 53, 127, 2, '2016-08-25 20:08:29'),
(552, 53, 128, 4, '2016-08-25 20:08:41'),
(553, 53, 129, 3, '2016-08-25 20:08:53'),
(554, 53, 130, 5, '2016-08-25 20:08:26'),
(555, 53, 131, 5, '2016-08-25 20:08:39'),
(556, 53, 132, 1, '2016-08-25 20:08:52'),
(557, 53, 133, 2, '2016-08-25 20:08:04'),
(558, 53, 134, 1, '2016-08-25 20:08:17'),
(559, 53, 135, 6, '2016-08-25 20:08:29'),
(560, 53, 136, 3, '2016-08-25 20:08:41'),
(561, 53, 137, 6, '2016-08-25 20:08:53'),
(562, 53, 138, 4, '2016-08-25 20:08:06'),
(563, 53, 139, 2, '2016-08-25 20:08:18'),
(564, 54, 105, 3, '2016-08-25 20:08:23'),
(565, 54, 106, 3, '2016-08-25 20:08:34'),
(566, 54, 107, 3, '2016-08-25 20:08:46'),
(567, 54, 108, 3, '2016-08-25 20:08:57'),
(568, 54, 109, 3, '2016-08-25 20:08:09'),
(569, 54, 110, 4, '2016-08-25 20:08:00'),
(570, 54, 111, 4, '2016-08-25 20:08:12'),
(571, 54, 112, 4, '2016-08-25 20:08:23'),
(572, 54, 113, 4, '2016-08-25 20:08:33'),
(573, 54, 114, 4, '2016-08-25 20:08:44'),
(574, 54, 115, 4, '2016-08-25 20:08:55'),
(575, 54, 116, 4, '2016-08-25 20:08:06'),
(576, 54, 117, 4, '2016-08-25 20:08:17'),
(577, 54, 118, 4, '2016-08-25 20:08:30'),
(578, 54, 119, 4, '2016-08-25 20:08:41'),
(579, 54, 120, 5, '2016-08-25 20:08:15'),
(580, 54, 121, 5, '2016-08-25 20:08:27'),
(581, 54, 122, 5, '2016-08-25 20:08:39'),
(582, 54, 123, 5, '2016-08-25 20:08:50'),
(583, 54, 124, 5, '2016-08-25 20:08:05'),
(584, 54, 125, 5, '2016-08-25 20:08:17'),
(585, 54, 126, 5, '2016-08-25 20:08:37'),
(586, 54, 127, 5, '2016-08-25 20:08:49'),
(587, 54, 128, 5, '2016-08-25 20:08:01'),
(588, 54, 129, 5, '2016-08-25 20:08:13'),
(589, 54, 130, 6, '2016-08-25 20:08:46'),
(590, 54, 131, 6, '2016-08-25 20:08:59'),
(591, 54, 132, 6, '2016-08-25 20:08:12'),
(592, 54, 133, 6, '2016-08-25 20:08:26'),
(593, 54, 134, 6, '2016-08-25 20:08:38'),
(594, 54, 135, 6, '2016-08-25 20:08:51'),
(595, 54, 136, 6, '2016-08-25 20:08:03'),
(596, 54, 137, 6, '2016-08-25 20:08:15'),
(597, 54, 138, 6, '2016-08-25 20:08:28'),
(598, 54, 139, 6, '2016-08-25 20:08:41'),
(599, 55, 105, 2, '2016-09-02 17:09:37'),
(600, 55, 106, 3, '2016-09-02 17:09:47'),
(601, 55, 107, 3, '2016-09-02 17:09:57'),
(602, 55, 108, 3, '2016-09-02 17:09:07'),
(603, 55, 109, 3, '2016-09-02 17:09:17'),
(604, 55, 110, 2, '2016-09-02 17:09:08'),
(605, 55, 111, 4, '2016-09-02 17:09:19'),
(606, 55, 112, 1, '2016-09-02 17:09:44'),
(607, 55, 113, 2, '2016-09-02 17:09:54'),
(608, 55, 114, 1, '2016-09-02 17:09:05'),
(609, 55, 115, 2, '2016-09-02 17:09:17'),
(610, 55, 116, 4, '2016-09-02 17:09:28'),
(611, 55, 117, 3, '2016-09-02 17:09:39'),
(612, 55, 118, 2, '2016-09-02 17:09:49'),
(613, 55, 119, 4, '2016-09-02 17:09:00'),
(614, 55, 120, 5, '2016-09-02 17:09:34'),
(615, 55, 121, 5, '2016-09-02 17:09:45'),
(616, 55, 122, 4, '2016-09-02 17:09:57'),
(617, 55, 123, 3, '2016-09-02 17:09:09'),
(618, 55, 124, 3, '2016-09-02 17:09:21'),
(619, 56, 105, 2, '2016-09-29 17:09:20'),
(620, 56, 106, 3, '2016-09-29 17:09:30'),
(621, 56, 107, 3, '2016-09-29 17:09:40'),
(622, 56, 108, 3, '2016-09-29 17:09:50'),
(623, 56, 109, 3, '2016-09-29 17:09:00'),
(624, 56, 110, 2, '2016-09-29 17:09:51'),
(625, 56, 111, 4, '2016-09-29 17:09:02'),
(626, 56, 112, 3, '2016-09-29 17:09:20'),
(627, 56, 113, 2, '2016-09-29 17:09:30'),
(628, 56, 114, 2, '2016-09-29 17:09:41'),
(629, 56, 115, 2, '2016-09-29 17:09:52'),
(630, 56, 116, 4, '2016-09-29 17:09:03'),
(631, 56, 117, 3, '2016-09-29 17:09:19'),
(632, 56, 118, 2, '2016-09-29 17:09:30'),
(633, 56, 119, 4, '2016-09-29 17:09:41'),
(634, 56, 120, 5, '2016-09-29 17:09:15'),
(635, 56, 121, 5, '2016-09-29 17:09:31'),
(636, 56, 122, 3, '2016-09-29 17:09:42'),
(637, 56, 123, 2, '2016-09-29 17:09:54'),
(638, 56, 124, 4, '2016-09-29 17:09:05'),
(639, 56, 125, 5, '2016-09-29 17:09:18'),
(640, 56, 126, 5, '2016-09-29 17:09:29'),
(641, 56, 127, 3, '2016-09-29 17:09:41'),
(642, 56, 128, 2, '2016-09-29 17:09:53'),
(643, 56, 129, 2, '2016-09-29 17:09:04'),
(644, 56, 130, 5, '2016-09-29 17:09:37'),
(645, 56, 131, 4, '2016-09-29 17:09:51'),
(646, 56, 132, 3, '2016-09-29 17:09:08'),
(647, 56, 133, 4, '2016-09-29 17:09:20'),
(648, 56, 134, 3, '2016-09-29 17:09:32'),
(649, 56, 135, 4, '2016-09-29 17:09:44'),
(650, 56, 136, 3, '2016-09-29 17:09:56'),
(651, 56, 137, 1, '2016-09-29 17:09:08'),
(652, 56, 138, 4, '2016-09-29 17:09:20'),
(653, 56, 139, 2, '2016-09-29 17:09:32'),
(654, 57, 105, 2, '2016-10-09 13:10:06'),
(655, 57, 106, 3, '2016-10-09 13:10:16'),
(656, 57, 107, 3, '2016-10-09 13:10:26'),
(657, 57, 108, 3, '2016-10-09 13:10:41'),
(658, 57, 109, 3, '2016-10-09 13:10:51'),
(659, 57, 110, 2, '2016-10-09 13:10:42'),
(660, 57, 111, 4, '2016-10-09 13:10:52'),
(661, 57, 112, 3, '2016-10-09 13:10:04'),
(662, 57, 113, 2, '2016-10-09 13:10:15'),
(663, 57, 114, 1, '2016-10-09 13:10:25'),
(664, 57, 115, 2, '2016-10-09 13:10:36'),
(665, 57, 116, 4, '2016-10-09 13:10:48'),
(666, 57, 117, 3, '2016-10-09 13:10:59'),
(667, 57, 118, 2, '2016-10-09 13:10:10'),
(668, 57, 119, 4, '2016-10-09 13:10:21'),
(669, 57, 120, 5, '2016-10-09 13:10:55'),
(670, 57, 121, 5, '2016-10-09 13:10:06'),
(671, 57, 122, 4, '2016-10-09 13:10:18'),
(672, 57, 123, 3, '2016-10-09 13:10:31'),
(673, 57, 124, 3, '2016-10-09 13:10:46'),
(674, 57, 125, 5, '2016-10-09 13:10:59'),
(675, 57, 126, 5, '2016-10-09 13:10:11'),
(676, 57, 127, 3, '2016-10-09 13:10:31'),
(677, 57, 128, 4, '2016-10-09 13:10:44'),
(678, 57, 129, 3, '2016-10-09 13:10:57'),
(679, 57, 130, 4, '2016-10-09 13:10:32'),
(680, 57, 131, 5, '2016-10-09 13:10:45'),
(681, 57, 132, 1, '2016-10-09 13:10:57'),
(682, 57, 133, 4, '2016-10-09 13:10:12'),
(683, 57, 134, 1, '2016-10-09 13:10:24'),
(684, 57, 135, 6, '2016-10-09 13:10:36'),
(685, 57, 136, 3, '2016-10-09 13:10:48'),
(686, 57, 137, 1, '2016-10-09 13:10:05'),
(687, 57, 138, 4, '2016-10-09 13:10:17'),
(688, 57, 139, 2, '2016-10-09 13:10:30'),
(689, 57, 139, 2, '2016-10-09 13:10:34'),
(690, 58, 105, 2, '2016-10-09 16:10:06'),
(691, 58, 106, 3, '2016-10-09 16:10:16'),
(692, 58, 107, 3, '2016-10-09 16:10:26'),
(693, 58, 108, 3, '2016-10-09 16:10:36'),
(694, 58, 109, 3, '2016-10-09 16:10:45'),
(695, 58, 110, 2, '2016-10-09 16:10:36'),
(696, 58, 111, 4, '2016-10-09 16:10:47'),
(697, 58, 112, 3, '2016-10-09 16:10:57'),
(698, 58, 113, 2, '2016-10-09 16:10:09'),
(699, 58, 114, 1, '2016-10-09 16:10:19'),
(700, 58, 115, 2, '2016-10-09 16:10:30'),
(701, 58, 116, 4, '2016-10-09 16:10:42'),
(702, 58, 117, 3, '2016-10-09 16:10:53'),
(703, 58, 118, 2, '2016-10-09 16:10:04'),
(704, 58, 119, 4, '2016-10-09 16:10:15'),
(705, 58, 120, 5, '2016-10-09 16:10:48'),
(706, 58, 121, 5, '2016-10-09 16:10:00'),
(707, 58, 122, 4, '2016-10-09 16:10:11'),
(708, 58, 123, 3, '2016-10-09 16:10:23'),
(709, 58, 124, 3, '2016-10-09 16:10:35'),
(710, 58, 125, 5, '2016-10-09 16:10:46'),
(711, 58, 126, 5, '2016-10-09 16:10:58'),
(712, 58, 127, 3, '2016-10-09 16:10:10'),
(713, 58, 128, 4, '2016-10-09 16:10:22'),
(714, 58, 129, 3, '2016-10-09 16:10:34'),
(715, 58, 130, 5, '2016-10-09 16:10:07'),
(716, 58, 131, 5, '2016-10-09 16:10:20'),
(717, 58, 132, 1, '2016-10-09 16:10:32'),
(718, 58, 133, 4, '2016-10-09 16:10:44'),
(719, 58, 134, 1, '2016-10-09 16:10:56'),
(720, 58, 135, 6, '2016-10-09 16:10:08'),
(721, 58, 136, 3, '2016-10-09 16:10:20'),
(722, 58, 137, 6, '2016-10-09 16:10:32'),
(723, 58, 138, 4, '2016-10-09 16:10:46'),
(724, 58, 139, 2, '2016-10-09 16:10:58'),
(725, 59, 105, 2, '2016-10-09 17:10:18'),
(726, 59, 106, 3, '2016-10-09 17:10:28'),
(727, 59, 107, 3, '2016-10-09 17:10:38'),
(728, 59, 108, 3, '2016-10-09 17:10:48'),
(729, 59, 109, 3, '2016-10-09 17:10:58'),
(730, 59, 110, 2, '2016-10-09 17:10:49'),
(731, 59, 111, 4, '2016-10-09 17:10:59'),
(732, 59, 112, 3, '2016-10-09 17:10:10'),
(733, 59, 113, 2, '2016-10-09 17:10:21'),
(734, 59, 114, 1, '2016-10-09 17:10:31'),
(735, 59, 115, 2, '2016-10-09 17:10:42'),
(736, 59, 116, 4, '2016-10-09 17:10:53'),
(737, 59, 117, 3, '2016-10-09 17:10:04'),
(738, 59, 118, 2, '2016-10-09 17:10:15'),
(739, 59, 119, 4, '2016-10-09 17:10:26'),
(740, 59, 120, 4, '2016-10-09 17:10:59'),
(741, 59, 121, 5, '2016-10-09 17:10:10'),
(742, 59, 122, 4, '2016-10-09 17:10:22'),
(743, 59, 123, 3, '2016-10-09 17:10:33'),
(744, 59, 124, 3, '2016-10-09 17:10:45'),
(745, 59, 125, 5, '2016-10-09 17:10:56'),
(746, 59, 126, 5, '2016-10-09 17:10:08'),
(747, 59, 127, 3, '2016-10-09 17:10:20'),
(748, 59, 128, 4, '2016-10-09 17:10:38'),
(749, 59, 129, 3, '2016-10-09 17:10:49'),
(750, 59, 130, 5, '2016-10-09 17:10:22'),
(751, 59, 131, 5, '2016-10-09 17:10:35'),
(752, 59, 132, 3, '2016-10-09 17:10:47'),
(753, 59, 133, 4, '2016-10-09 17:10:01'),
(754, 59, 134, 2, '2016-10-09 17:10:14'),
(755, 59, 135, 6, '2016-10-09 17:10:26'),
(756, 59, 136, 3, '2016-10-09 17:10:38'),
(757, 59, 137, 6, '2016-10-09 17:10:50'),
(758, 59, 138, 4, '2016-10-09 17:10:02'),
(759, 59, 139, 2, '2016-10-09 17:10:14'),
(760, 60, 105, 2, '2016-10-09 20:10:49'),
(761, 60, 106, 3, '2016-10-09 20:10:00'),
(762, 60, 107, 3, '2016-10-09 20:10:10'),
(763, 60, 108, 3, '2016-10-09 20:10:24'),
(764, 60, 109, 3, '2016-10-09 20:10:35'),
(765, 60, 110, 2, '2016-10-09 20:10:26'),
(766, 60, 111, 4, '2016-10-09 20:10:37'),
(767, 60, 112, 3, '2016-10-09 20:10:48'),
(768, 60, 113, 2, '2016-10-09 20:10:59'),
(769, 60, 114, 1, '2016-10-09 20:10:09'),
(770, 60, 115, 2, '2016-10-09 20:10:21'),
(771, 60, 116, 4, '2016-10-09 20:10:32'),
(772, 60, 117, 3, '2016-10-09 20:10:45'),
(773, 60, 118, 2, '2016-10-09 20:10:55'),
(774, 60, 119, 4, '2016-10-09 20:10:06'),
(775, 60, 120, 5, '2016-10-09 20:10:40'),
(776, 60, 121, 5, '2016-10-09 20:10:52'),
(777, 60, 122, 4, '2016-10-09 20:10:03'),
(778, 60, 123, 3, '2016-10-09 20:10:15'),
(779, 60, 124, 3, '2016-10-09 20:10:26'),
(780, 60, 125, 5, '2016-10-09 20:10:39'),
(781, 60, 126, 5, '2016-10-09 20:10:50'),
(782, 60, 127, 2, '2016-10-09 20:10:05'),
(783, 60, 128, 4, '2016-10-09 20:10:17'),
(784, 60, 129, 3, '2016-10-09 20:10:29'),
(785, 60, 130, 5, '2016-10-09 20:10:02'),
(786, 60, 131, 5, '2016-10-09 20:10:17'),
(787, 60, 132, 4, '2016-10-09 20:10:30'),
(788, 60, 133, 2, '2016-10-09 20:10:42'),
(789, 60, 134, 1, '2016-10-09 20:10:55'),
(790, 60, 135, 6, '2016-10-09 20:10:08'),
(791, 60, 136, 3, '2016-10-09 20:10:20'),
(792, 60, 137, 6, '2016-10-09 20:10:32'),
(793, 60, 138, 4, '2016-10-09 20:10:44'),
(794, 60, 139, 2, '2016-10-09 20:10:57'),
(795, 61, 105, 2, '2016-10-10 13:10:27'),
(796, 61, 106, 3, '2016-10-10 13:10:37'),
(797, 61, 107, 3, '2016-10-10 13:10:47'),
(798, 61, 108, 3, '2016-10-10 13:10:57'),
(799, 61, 109, 3, '2016-10-10 13:10:07'),
(800, 61, 110, 2, '2016-10-10 13:10:59'),
(801, 61, 111, 4, '2016-10-10 13:10:09'),
(802, 61, 112, 3, '2016-10-10 13:10:20'),
(803, 61, 113, 2, '2016-10-10 13:10:30'),
(804, 61, 114, 1, '2016-10-10 13:10:41'),
(805, 61, 115, 2, '2016-10-10 13:10:52'),
(806, 61, 116, 4, '2016-10-10 13:10:03'),
(807, 61, 117, 3, '2016-10-10 13:10:14'),
(808, 61, 118, 2, '2016-10-10 13:10:25'),
(809, 61, 119, 1, '2016-10-10 13:10:41'),
(810, 61, 120, 5, '2016-10-10 13:10:16'),
(811, 61, 121, 5, '2016-10-10 13:10:27'),
(812, 61, 122, 3, '2016-10-10 13:10:39'),
(813, 61, 123, 3, '2016-10-10 13:10:50'),
(814, 61, 124, 3, '2016-10-10 13:10:01'),
(815, 61, 125, 5, '2016-10-10 13:10:13'),
(816, 61, 126, 5, '2016-10-10 13:10:25'),
(817, 61, 127, 2, '2016-10-10 13:10:37'),
(818, 61, 128, 3, '2016-10-10 13:10:49'),
(819, 61, 129, 3, '2016-10-10 13:10:01'),
(820, 61, 130, 5, '2016-10-10 13:10:44'),
(821, 61, 131, 5, '2016-10-10 13:10:57'),
(822, 61, 132, 1, '2016-10-10 13:10:09'),
(823, 61, 133, 2, '2016-10-10 13:10:22'),
(824, 61, 134, 1, '2016-10-10 13:10:34'),
(825, 61, 135, 6, '2016-10-10 13:10:46'),
(826, 61, 136, 3, '2016-10-10 13:10:59'),
(827, 61, 137, 6, '2016-10-10 13:10:11'),
(828, 61, 138, 4, '2016-10-10 13:10:23'),
(829, 61, 139, 2, '2016-10-10 13:10:35'),
(830, 62, 105, 2, '2016-10-10 13:10:36'),
(831, 62, 106, 3, '2016-10-10 13:10:46'),
(832, 62, 107, 3, '2016-10-10 13:10:56'),
(833, 62, 108, 3, '2016-10-10 13:10:06'),
(834, 62, 109, 3, '2016-10-10 13:10:16'),
(835, 62, 110, 2, '2016-10-10 13:10:07'),
(836, 62, 111, 4, '2016-10-10 13:10:18'),
(837, 62, 112, 1, '2016-10-10 13:10:29'),
(838, 62, 113, 2, '2016-10-10 13:10:40'),
(839, 62, 114, 2, '2016-10-10 13:10:50'),
(840, 62, 115, 2, '2016-10-10 13:10:02'),
(841, 62, 116, 2, '2016-10-10 13:10:14'),
(842, 62, 117, 1, '2016-10-10 13:10:25'),
(843, 62, 118, 2, '2016-10-10 13:10:36'),
(844, 62, 119, 4, '2016-10-10 13:10:46'),
(845, 62, 120, 3, '2016-10-10 13:10:21'),
(846, 62, 121, 5, '2016-10-10 13:10:38'),
(847, 62, 122, 3, '2016-10-10 13:10:49'),
(848, 62, 123, 2, '2016-10-10 13:10:06'),
(849, 62, 124, 3, '2016-10-10 13:10:17'),
(850, 62, 125, 4, '2016-10-10 13:10:29'),
(851, 62, 126, 5, '2016-10-10 13:10:41'),
(852, 62, 127, 3, '2016-10-10 13:10:52'),
(853, 62, 128, 3, '2016-10-10 13:10:04'),
(854, 62, 129, 2, '2016-10-10 13:10:16'),
(855, 62, 130, 5, '2016-10-10 13:10:48'),
(856, 62, 131, 2, '2016-10-10 13:10:01'),
(857, 62, 132, 4, '2016-10-10 13:10:17'),
(858, 62, 133, 4, '2016-10-10 13:10:29'),
(859, 62, 134, 2, '2016-10-10 13:10:41'),
(860, 62, 135, 2, '2016-10-10 13:10:54'),
(861, 62, 136, 4, '2016-10-10 13:10:07'),
(862, 62, 137, 2, '2016-10-10 13:10:21'),
(863, 62, 138, 6, '2016-10-10 13:10:33'),
(864, 62, 139, 2, '2016-10-10 13:10:45'),
(865, 63, 105, 2, '2016-10-14 17:10:04'),
(866, 63, 106, 3, '2016-10-14 17:10:14'),
(867, 63, 107, 3, '2016-10-14 17:10:24'),
(868, 63, 108, 3, '2016-10-14 17:10:35'),
(869, 63, 109, 3, '2016-10-14 17:10:45'),
(870, 63, 110, 2, '2016-10-14 17:10:36'),
(871, 63, 111, 4, '2016-10-14 17:10:47'),
(872, 63, 112, 3, '2016-10-14 17:10:58'),
(873, 63, 113, 2, '2016-10-14 17:10:08'),
(874, 63, 114, 1, '2016-10-14 17:10:19'),
(875, 63, 115, 2, '2016-10-14 17:10:30'),
(876, 63, 116, 4, '2016-10-14 17:10:42'),
(877, 63, 117, 3, '2016-10-14 17:10:52'),
(878, 63, 118, 2, '2016-10-14 17:10:03'),
(879, 63, 119, 4, '2016-10-14 17:10:14'),
(880, 63, 120, 5, '2016-10-14 17:10:48'),
(881, 63, 121, 5, '2016-10-14 17:10:59'),
(882, 63, 122, 4, '2016-10-14 17:10:11'),
(883, 63, 123, 3, '2016-10-14 17:10:22'),
(884, 63, 124, 3, '2016-10-14 17:10:34'),
(885, 63, 125, 5, '2016-10-14 17:10:46'),
(886, 63, 126, 5, '2016-10-14 17:10:58'),
(887, 63, 127, 2, '2016-10-14 17:10:10'),
(888, 63, 128, 4, '2016-10-14 17:10:21'),
(889, 63, 129, 3, '2016-10-14 17:10:33'),
(890, 63, 130, 5, '2016-10-14 17:10:06'),
(891, 63, 131, 5, '2016-10-14 17:10:18'),
(892, 63, 132, 1, '2016-10-14 17:10:30'),
(893, 63, 133, 2, '2016-10-14 17:10:43'),
(894, 63, 134, 1, '2016-10-14 17:10:58'),
(895, 63, 135, 6, '2016-10-14 17:10:10'),
(896, 63, 136, 3, '2016-10-14 17:10:22'),
(897, 63, 137, 6, '2016-10-14 17:10:34'),
(898, 63, 138, 4, '2016-10-14 17:10:46'),
(899, 63, 139, 2, '2016-10-14 17:10:59'),
(900, 65, 105, 2, '2016-10-20 17:10:26'),
(901, 65, 106, 3, '2016-10-20 17:10:36'),
(902, 65, 107, 3, '2016-10-20 17:10:46'),
(903, 65, 108, 3, '2016-10-20 17:10:56'),
(904, 65, 109, 3, '2016-10-20 17:10:06'),
(905, 65, 110, 2, '2016-10-20 17:10:56'),
(906, 65, 111, 4, '2016-10-20 17:10:07'),
(907, 65, 112, 3, '2016-10-20 17:10:18'),
(908, 65, 113, 2, '2016-10-20 17:10:28'),
(909, 65, 114, 1, '2016-10-20 17:10:39'),
(910, 65, 115, 2, '2016-10-20 17:10:50'),
(911, 65, 116, 4, '2016-10-20 17:10:01'),
(912, 65, 117, 3, '2016-10-20 17:10:11'),
(913, 65, 118, 2, '2016-10-20 17:10:22'),
(914, 65, 119, 4, '2016-10-20 17:10:33'),
(915, 65, 120, 5, '2016-10-20 17:10:06'),
(916, 65, 121, 5, '2016-10-20 17:10:18'),
(917, 65, 122, 2, '2016-10-20 17:10:30'),
(918, 65, 123, 3, '2016-10-20 17:10:41'),
(919, 65, 124, 3, '2016-10-20 17:10:52'),
(920, 65, 125, 5, '2016-10-20 17:10:04'),
(921, 65, 126, 5, '2016-10-20 17:10:16'),
(922, 65, 127, 3, '2016-10-20 17:10:31'),
(923, 65, 128, 3, '2016-10-20 17:10:42'),
(924, 65, 129, 4, '2016-10-20 17:10:54'),
(925, 65, 130, 5, '2016-10-20 17:10:27'),
(926, 65, 131, 2, '2016-10-20 17:10:39'),
(927, 65, 132, 4, '2016-10-20 17:10:00'),
(928, 65, 133, 6, '2016-10-20 17:10:12'),
(929, 65, 134, 2, '2016-10-20 17:10:25'),
(930, 65, 135, 6, '2016-10-20 17:10:37'),
(931, 65, 136, 3, '2016-10-20 17:10:49'),
(932, 65, 137, 6, '2016-10-20 17:10:01'),
(933, 65, 138, 3, '2016-10-20 17:10:13'),
(934, 65, 139, 2, '2016-10-20 17:10:25'),
(935, 66, 105, 2, '2016-10-21 13:10:27'),
(936, 66, 106, 3, '2016-10-21 13:10:41'),
(937, 66, 107, 3, '2016-10-21 13:10:50'),
(938, 66, 108, 3, '2016-10-21 13:10:01'),
(939, 66, 109, 3, '2016-10-21 13:10:11'),
(940, 66, 110, 2, '2016-10-21 13:10:02'),
(941, 66, 111, 4, '2016-10-21 13:10:13'),
(942, 66, 112, 3, '2016-10-21 13:10:23'),
(943, 66, 113, 2, '2016-10-21 13:10:34'),
(944, 66, 114, 1, '2016-10-21 13:10:45'),
(945, 66, 115, 2, '2016-10-21 13:10:56'),
(946, 66, 116, 4, '2016-10-21 13:10:07'),
(947, 66, 117, 3, '2016-10-21 13:10:17'),
(948, 66, 118, 4, '2016-10-21 13:10:28'),
(949, 66, 119, 3, '2016-10-21 13:10:39'),
(950, 66, 120, 5, '2016-10-21 13:10:13'),
(951, 66, 121, 5, '2016-10-21 13:10:24'),
(952, 66, 122, 4, '2016-10-21 13:10:36'),
(953, 66, 123, 3, '2016-10-21 13:10:47'),
(954, 66, 124, 3, '2016-10-21 13:10:58'),
(955, 66, 125, 5, '2016-10-21 13:10:10'),
(956, 66, 126, 2, '2016-10-21 13:10:22'),
(957, 66, 127, 2, '2016-10-21 13:10:33'),
(958, 66, 128, 1, '2016-10-21 13:10:45'),
(959, 66, 129, 2, '2016-10-21 13:10:56'),
(960, 66, 130, 4, '2016-10-21 13:10:29'),
(961, 66, 131, 2, '2016-10-21 13:10:41'),
(962, 66, 132, 1, '2016-10-21 13:10:53'),
(963, 66, 133, 3, '2016-10-21 13:10:05'),
(964, 66, 134, 4, '2016-10-21 13:10:17'),
(965, 66, 135, 3, '2016-10-21 13:10:29'),
(966, 66, 136, 3, '2016-10-21 13:10:41'),
(967, 66, 137, 6, '2016-10-21 13:10:53'),
(968, 66, 138, 5, '2016-10-21 13:10:05'),
(969, 66, 139, 2, '2016-10-21 13:10:17'),
(970, 67, 105, 2, '2016-10-26 17:10:53'),
(971, 67, 106, 3, '2016-10-26 17:10:03'),
(972, 67, 107, 3, '2016-10-26 17:10:13'),
(973, 67, 108, 3, '2016-10-26 17:10:23'),
(974, 67, 109, 3, '2016-10-26 17:10:33'),
(975, 67, 110, 2, '2016-10-26 17:10:24'),
(976, 67, 111, 4, '2016-10-26 17:10:35'),
(977, 67, 112, 3, '2016-10-26 17:10:45'),
(978, 67, 113, 2, '2016-10-26 17:10:56'),
(979, 67, 114, 1, '2016-10-26 17:10:06'),
(980, 67, 115, 2, '2016-10-26 17:10:17'),
(981, 67, 116, 4, '2016-10-26 17:10:28'),
(982, 67, 117, 3, '2016-10-26 17:10:39'),
(983, 67, 118, 3, '2016-10-26 17:10:50'),
(984, 67, 119, 2, '2016-10-26 17:10:01'),
(985, 67, 120, 5, '2016-10-26 17:10:34'),
(986, 67, 121, 5, '2016-10-26 17:10:46'),
(987, 67, 122, 3, '2016-10-26 17:10:58'),
(988, 67, 123, 2, '2016-10-26 17:10:09'),
(989, 67, 124, 3, '2016-10-26 17:10:21'),
(990, 67, 125, 2, '2016-10-26 17:10:32'),
(991, 67, 126, 5, '2016-10-26 17:10:45'),
(992, 67, 127, 3, '2016-10-26 17:10:57'),
(993, 67, 128, 4, '2016-10-26 17:10:09'),
(994, 67, 129, 4, '2016-10-26 17:10:20'),
(995, 67, 129, 4, '2016-10-26 17:10:23'),
(996, 67, 130, 5, '2016-10-26 17:10:53'),
(997, 67, 131, 4, '2016-10-26 17:10:06'),
(998, 67, 132, 5, '2016-10-26 17:10:18'),
(999, 67, 133, 2, '2016-10-26 17:10:30'),
(1000, 67, 134, 1, '2016-10-26 17:10:43'),
(1001, 67, 135, 5, '2016-10-26 17:10:55'),
(1002, 67, 136, 3, '2016-10-26 17:10:07'),
(1003, 67, 137, 6, '2016-10-26 17:10:19'),
(1004, 67, 138, 2, '2016-10-26 17:10:33'),
(1005, 67, 139, 2, '2016-10-26 17:10:46'),
(1006, 68, 105, 2, '2017-03-28 17:03:57'),
(1007, 68, 111, 2, '2017-03-28 17:03:49'),
(1008, 68, 120, 5, '2017-03-28 17:03:23'),
(1009, 68, 144, 5, '2017-03-28 17:03:04'),
(1010, 68, 105, 2, '2017-03-28 17:03:26'),
(1011, 68, 111, 2, '2017-03-28 17:03:17'),
(1012, 68, 120, 3, '2017-03-28 17:03:06'),
(1013, 68, 144, 4, '2017-03-28 17:03:47'),
(1014, 69, 105, 2, '2017-04-05 15:04:58'),
(1015, 69, 106, 3, '2017-04-05 15:04:09'),
(1016, 69, 107, 3, '2017-04-05 15:04:19'),
(1017, 69, 108, 1, '2017-04-05 15:04:35'),
(1018, 69, 109, 3, '2017-04-05 15:04:45'),
(1019, 69, 110, 2, '2017-04-05 15:04:38'),
(1020, 69, 111, 4, '2017-04-05 15:04:55'),
(1021, 69, 112, 1, '2017-04-05 15:04:10'),
(1022, 69, 113, 2, '2017-04-05 15:04:20'),
(1023, 69, 114, 1, '2017-04-05 15:04:32'),
(1024, 69, 115, 2, '2017-04-05 15:04:44'),
(1025, 69, 116, 4, '2017-04-05 15:04:56'),
(1026, 69, 117, 3, '2017-04-05 15:04:07'),
(1027, 69, 118, 4, '2017-04-05 15:04:19'),
(1028, 69, 119, 2, '2017-04-05 15:04:32'),
(1029, 69, 120, 5, '2017-04-05 15:04:06'),
(1030, 69, 121, 2, '2017-04-05 15:04:18'),
(1031, 69, 122, 4, '2017-04-05 15:04:29'),
(1032, 69, 123, 2, '2017-04-05 15:04:42'),
(1033, 69, 124, 3, '2017-04-05 15:04:55'),
(1034, 69, 125, 3, '2017-04-05 15:04:07'),
(1035, 69, 126, 5, '2017-04-05 15:04:20'),
(1036, 69, 127, 3, '2017-04-05 15:04:32'),
(1037, 69, 128, 4, '2017-04-05 15:04:46'),
(1038, 69, 129, 3, '2017-04-05 15:04:00'),
(1039, 69, 130, 3, '2017-04-05 15:04:36'),
(1040, 69, 131, 4, '2017-04-05 15:04:54'),
(1041, 69, 132, 6, '2017-04-05 15:04:06'),
(1042, 69, 133, 3, '2017-04-05 15:04:21'),
(1043, 69, 134, 2, '2017-04-05 15:04:34'),
(1044, 69, 135, 6, '2017-04-05 15:04:46'),
(1045, 69, 136, 3, '2017-04-05 15:04:59'),
(1046, 69, 137, 2, '2017-04-05 15:04:11'),
(1047, 69, 138, 2, '2017-04-05 15:04:24'),
(1048, 69, 139, 2, '2017-04-05 15:04:36'),
(1049, 69, 140, 6, '2017-04-05 15:04:52'),
(1050, 69, 141, 4, '2017-04-05 15:04:12'),
(1051, 69, 142, 3, '2017-04-05 15:04:27'),
(1052, 69, 143, 4, '2017-04-05 15:04:43'),
(1053, 69, 144, 5, '2017-04-05 15:04:58'),
(1054, 70, 105, 1, '2017-04-05 17:04:01'),
(1055, 70, 106, 1, '2017-04-05 17:04:13'),
(1056, 70, 107, 1, '2017-04-05 17:04:23'),
(1057, 70, 108, 1, '2017-04-05 17:04:33'),
(1058, 70, 109, 1, '2017-04-05 17:04:43'),
(1059, 70, 109, 1, '2017-04-05 17:04:46'),
(1060, 70, 110, 1, '2017-04-05 17:04:34'),
(1061, 70, 110, 1, '2017-04-05 17:04:35'),
(1062, 70, 112, 1, '2017-04-05 17:04:45'),
(1063, 70, 112, 1, '2017-04-05 17:04:46'),
(1064, 70, 114, 1, '2017-04-05 17:04:57'),
(1065, 70, 115, 1, '2017-04-05 17:04:08'),
(1066, 70, 116, 1, '2017-04-05 17:04:20'),
(1067, 70, 117, 1, '2017-04-05 17:04:31'),
(1068, 70, 118, 1, '2017-04-05 17:04:42'),
(1069, 70, 119, 1, '2017-04-05 17:04:53'),
(1070, 70, 120, 1, '2017-04-05 17:04:27'),
(1071, 70, 121, 1, '2017-04-05 17:04:38'),
(1072, 70, 122, 1, '2017-04-05 17:04:50'),
(1073, 70, 123, 1, '2017-04-05 17:04:01'),
(1074, 70, 124, 1, '2017-04-05 17:04:12'),
(1075, 70, 125, 1, '2017-04-05 17:04:24'),
(1076, 70, 126, 1, '2017-04-05 17:04:37'),
(1077, 70, 127, 1, '2017-04-05 17:04:48'),
(1078, 70, 128, 1, '2017-04-05 17:04:00'),
(1079, 70, 129, 1, '2017-04-05 17:04:12'),
(1080, 70, 130, 1, '2017-04-05 17:04:45'),
(1081, 70, 131, 1, '2017-04-05 17:04:58'),
(1082, 70, 132, 1, '2017-04-05 17:04:10'),
(1083, 70, 133, 1, '2017-04-05 17:04:22'),
(1084, 70, 134, 1, '2017-04-05 17:04:35'),
(1085, 70, 135, 1, '2017-04-05 17:04:47'),
(1086, 70, 136, 1, '2017-04-05 17:04:59'),
(1087, 70, 137, 1, '2017-04-05 17:04:11'),
(1088, 70, 138, 1, '2017-04-05 17:04:23'),
(1089, 70, 139, 1, '2017-04-05 17:04:35'),
(1090, 70, 140, 1, '2017-04-05 17:04:50'),
(1091, 70, 141, 1, '2017-04-05 17:04:06'),
(1092, 70, 142, 1, '2017-04-05 17:04:21'),
(1093, 70, 143, 1, '2017-04-05 17:04:36'),
(1094, 70, 144, 1, '2017-04-05 17:04:51'),
(1095, 71, 105, 2, '2017-04-05 18:04:21'),
(1096, 71, 106, 3, '2017-04-05 18:04:32'),
(1097, 71, 107, 3, '2017-04-05 18:04:42'),
(1098, 71, 108, 3, '2017-04-05 18:04:52'),
(1099, 71, 109, 3, '2017-04-05 18:04:02'),
(1100, 71, 110, 2, '2017-04-05 18:04:53'),
(1101, 71, 111, 4, '2017-04-05 18:04:04'),
(1102, 71, 112, 3, '2017-04-05 18:04:15'),
(1103, 71, 113, 2, '2017-04-05 18:04:25'),
(1104, 71, 114, 1, '2017-04-05 18:04:36'),
(1105, 71, 115, 2, '2017-04-05 18:04:47'),
(1106, 71, 116, 4, '2017-04-05 18:04:59'),
(1107, 71, 117, 3, '2017-04-05 18:04:10'),
(1108, 71, 118, 2, '2017-04-05 18:04:22'),
(1109, 71, 119, 4, '2017-04-05 18:04:33'),
(1110, 71, 120, 5, '2017-04-05 18:04:07'),
(1111, 71, 121, 5, '2017-04-05 18:04:19'),
(1112, 71, 122, 4, '2017-04-05 18:04:31'),
(1113, 71, 123, 3, '2017-04-05 18:04:43'),
(1114, 71, 124, 3, '2017-04-05 18:04:00'),
(1115, 71, 125, 5, '2017-04-05 18:04:12'),
(1116, 71, 126, 5, '2017-04-05 18:04:25'),
(1117, 71, 127, 1, '2017-04-05 18:04:37'),
(1118, 71, 128, 4, '2017-04-05 18:04:49'),
(1119, 71, 129, 3, '2017-04-05 18:04:01'),
(1120, 71, 130, 5, '2017-04-05 18:04:35'),
(1121, 71, 131, 4, '2017-04-05 18:04:48'),
(1122, 71, 132, 1, '2017-04-05 18:04:00'),
(1123, 71, 133, 2, '2017-04-05 18:04:13'),
(1124, 71, 134, 1, '2017-04-05 18:04:26'),
(1125, 71, 135, 6, '2017-04-05 18:04:39'),
(1126, 71, 136, 3, '2017-04-05 18:04:51'),
(1127, 71, 137, 6, '2017-04-05 18:04:04'),
(1128, 71, 138, 4, '2017-04-05 18:04:19'),
(1129, 71, 139, 2, '2017-04-05 18:04:31'),
(1130, 71, 140, 6, '2017-04-05 18:04:48'),
(1131, 71, 141, 4, '2017-04-05 18:04:04'),
(1132, 71, 142, 1, '2017-04-05 18:04:20'),
(1133, 71, 143, 4, '2017-04-05 18:04:36'),
(1134, 71, 144, 4, '2017-04-05 18:04:51'),
(1135, 73, 105, 2, '2017-04-10 16:04:40'),
(1136, 73, 106, 3, '2017-04-10 16:04:50'),
(1137, 73, 107, 3, '2017-04-10 16:04:59'),
(1138, 73, 108, 3, '2017-04-10 16:04:09'),
(1139, 73, 109, 3, '2017-04-10 16:04:19'),
(1140, 73, 110, 2, '2017-04-10 16:04:10'),
(1141, 73, 111, 4, '2017-04-10 16:04:20'),
(1142, 73, 112, 3, '2017-04-10 16:04:30'),
(1143, 73, 113, 2, '2017-04-10 16:04:41'),
(1144, 73, 114, 1, '2017-04-10 16:04:51'),
(1145, 73, 115, 2, '2017-04-10 16:04:02'),
(1146, 73, 116, 4, '2017-04-10 16:04:13'),
(1147, 73, 117, 3, '2017-04-10 16:04:25'),
(1148, 73, 118, 2, '2017-04-10 16:04:36'),
(1149, 73, 119, 4, '2017-04-10 16:04:46'),
(1150, 73, 120, 3, '2017-04-10 16:04:20'),
(1151, 73, 121, 5, '2017-04-10 16:04:31'),
(1152, 73, 122, 4, '2017-04-10 16:04:42'),
(1153, 73, 123, 3, '2017-04-10 16:04:53'),
(1154, 73, 124, 3, '2017-04-10 16:04:06'),
(1155, 73, 125, 5, '2017-04-10 16:04:18'),
(1156, 73, 126, 5, '2017-04-10 16:04:30'),
(1157, 73, 127, 2, '2017-04-10 16:04:41'),
(1158, 73, 128, 4, '2017-04-10 16:04:53'),
(1159, 73, 129, 3, '2017-04-10 16:04:06'),
(1160, 73, 130, 6, '2017-04-10 16:04:41'),
(1161, 73, 131, 5, '2017-04-10 16:04:53'),
(1162, 73, 132, 1, '2017-04-10 16:04:04'),
(1163, 73, 133, 3, '2017-04-10 16:04:17'),
(1164, 73, 134, 1, '2017-04-10 16:04:29'),
(1165, 73, 135, 6, '2017-04-10 16:04:41'),
(1166, 73, 136, 3, '2017-04-10 16:04:53'),
(1167, 73, 137, 6, '2017-04-10 16:04:06'),
(1168, 73, 138, 4, '2017-04-10 16:04:18'),
(1169, 73, 139, 2, '2017-04-10 16:04:30'),
(1170, 73, 140, 6, '2017-04-10 16:04:46'),
(1171, 73, 141, 4, '2017-04-10 16:04:02'),
(1172, 73, 142, 3, '2017-04-10 16:04:17'),
(1173, 73, 143, 4, '2017-04-10 16:04:32'),
(1174, 73, 144, 5, '2017-04-10 16:04:50'),
(1175, 74, 105, 2, '2017-04-13 20:04:38'),
(1176, 74, 106, 3, '2017-04-13 20:04:48'),
(1177, 74, 107, 3, '2017-04-13 20:04:58'),
(1178, 74, 108, 3, '2017-04-13 20:04:08'),
(1179, 74, 109, 3, '2017-04-13 20:04:20'),
(1180, 74, 110, 2, '2017-04-13 20:04:11'),
(1181, 74, 111, 4, '2017-04-13 20:04:21'),
(1182, 74, 112, 1, '2017-04-13 20:04:35'),
(1183, 74, 113, 2, '2017-04-13 20:04:46'),
(1184, 74, 114, 1, '2017-04-13 20:04:56'),
(1185, 74, 115, 2, '2017-04-13 20:04:08'),
(1186, 74, 116, 4, '2017-04-13 20:04:24'),
(1187, 74, 117, 3, '2017-04-13 20:04:35'),
(1188, 74, 118, 2, '2017-04-13 20:04:46'),
(1189, 74, 119, 4, '2017-04-13 20:04:57'),
(1190, 74, 120, 1, '2017-04-13 20:04:32'),
(1191, 74, 121, 2, '2017-04-13 20:04:43'),
(1192, 74, 122, 4, '2017-04-13 20:04:55'),
(1193, 74, 123, 3, '2017-04-13 20:04:06'),
(1194, 74, 124, 4, '2017-04-13 20:04:19'),
(1195, 74, 125, 2, '2017-04-13 20:04:30'),
(1196, 74, 126, 5, '2017-04-13 20:04:42'),
(1197, 74, 127, 2, '2017-04-13 20:04:54'),
(1198, 74, 128, 3, '2017-04-13 20:04:06'),
(1199, 74, 129, 3, '2017-04-13 20:04:18'),
(1200, 74, 130, 5, '2017-04-13 20:04:52'),
(1201, 74, 131, 4, '2017-04-13 20:04:05'),
(1202, 74, 132, 5, '2017-04-13 20:04:17'),
(1203, 74, 133, 1, '2017-04-13 20:04:29'),
(1204, 74, 134, 3, '2017-04-13 20:04:42'),
(1205, 74, 135, 5, '2017-04-13 20:04:54'),
(1206, 74, 136, 3, '2017-04-13 20:04:06'),
(1207, 74, 137, 6, '2017-04-13 20:04:18'),
(1208, 74, 138, 2, '2017-04-13 20:04:30'),
(1209, 74, 139, 1, '2017-04-13 20:04:42'),
(1210, 74, 140, 6, '2017-04-13 20:04:57'),
(1211, 74, 141, 4, '2017-04-13 20:04:20'),
(1212, 74, 142, 1, '2017-04-13 20:04:35'),
(1213, 74, 143, 4, '2017-04-13 20:04:50'),
(1214, 74, 144, 2, '2017-04-13 20:04:05'),
(1215, 76, 105, 2, '2017-04-17 16:04:53'),
(1216, 76, 106, 3, '2017-04-17 16:04:03'),
(1217, 76, 107, 3, '2017-04-17 16:04:13'),
(1218, 76, 108, 3, '2017-04-17 16:04:24'),
(1219, 76, 109, 3, '2017-04-17 16:04:34'),
(1220, 76, 110, 2, '2017-04-17 16:04:25'),
(1221, 76, 111, 4, '2017-04-17 16:04:35'),
(1222, 76, 112, 2, '2017-04-17 16:04:46'),
(1223, 76, 113, 2, '2017-04-17 16:04:57'),
(1224, 76, 114, 1, '2017-04-17 16:04:08'),
(1225, 76, 115, 2, '2017-04-17 16:04:19'),
(1226, 76, 116, 4, '2017-04-17 16:04:30'),
(1227, 76, 117, 3, '2017-04-17 16:04:41'),
(1228, 76, 118, 2, '2017-04-17 16:04:52'),
(1229, 76, 119, 4, '2017-04-17 16:04:02'),
(1230, 76, 120, 3, '2017-04-17 16:04:36'),
(1231, 76, 121, 5, '2017-04-17 16:04:48'),
(1232, 76, 122, 2, '2017-04-17 16:04:00'),
(1233, 76, 123, 3, '2017-04-17 16:04:11'),
(1234, 76, 124, 3, '2017-04-17 16:04:22'),
(1235, 76, 125, 3, '2017-04-17 16:04:38'),
(1236, 76, 126, 5, '2017-04-17 16:04:50'),
(1237, 76, 127, 2, '2017-04-17 16:04:02'),
(1238, 76, 128, 3, '2017-04-17 16:04:14'),
(1239, 76, 129, 4, '2017-04-17 16:04:26'),
(1240, 76, 130, 6, '2017-04-17 16:04:59'),
(1241, 76, 131, 1, '2017-04-17 16:04:11'),
(1242, 76, 132, 4, '2017-04-17 16:04:26'),
(1243, 76, 133, 6, '2017-04-17 16:04:38'),
(1244, 76, 134, 2, '2017-04-17 16:04:51'),
(1245, 76, 135, 3, '2017-04-17 16:04:05'),
(1246, 76, 136, 3, '2017-04-17 16:04:18'),
(1247, 76, 137, 3, '2017-04-17 16:04:32'),
(1248, 76, 138, 4, '2017-04-17 16:04:45'),
(1249, 76, 139, 2, '2017-04-17 16:04:57'),
(1250, 76, 140, 6, '2017-04-17 16:04:12'),
(1251, 76, 141, 4, '2017-04-17 16:04:28'),
(1252, 76, 142, 3, '2017-04-17 16:04:43'),
(1253, 76, 143, 4, '2017-04-17 16:04:58'),
(1254, 76, 144, 4, '2017-04-17 16:04:13'),
(1255, 77, 105, 2, '2017-04-17 20:04:11'),
(1256, 77, 106, 3, '2017-04-17 20:04:21'),
(1257, 77, 107, 3, '2017-04-17 20:04:31'),
(1258, 77, 108, 3, '2017-04-17 20:04:41'),
(1259, 77, 109, 3, '2017-04-17 20:04:51'),
(1260, 77, 110, 2, '2017-04-17 20:04:42'),
(1261, 77, 111, 4, '2017-04-17 20:04:53'),
(1262, 77, 112, 3, '2017-04-17 20:04:04'),
(1263, 77, 113, 2, '2017-04-17 20:04:15'),
(1264, 77, 114, 1, '2017-04-17 20:04:26'),
(1265, 77, 115, 2, '2017-04-17 20:04:37'),
(1266, 77, 116, 4, '2017-04-17 20:04:48'),
(1267, 77, 117, 3, '2017-04-17 20:04:59'),
(1268, 77, 118, 2, '2017-04-17 20:04:09'),
(1269, 77, 119, 4, '2017-04-17 20:04:21'),
(1270, 77, 120, 5, '2017-04-17 20:04:55'),
(1271, 77, 121, 5, '2017-04-17 20:04:06'),
(1272, 77, 122, 4, '2017-04-17 20:04:18'),
(1273, 77, 123, 3, '2017-04-17 20:04:30'),
(1274, 77, 124, 3, '2017-04-17 20:04:42'),
(1275, 77, 125, 5, '2017-04-17 20:04:54'),
(1276, 77, 126, 5, '2017-04-17 20:04:06'),
(1277, 77, 127, 2, '2017-04-17 20:04:18'),
(1278, 77, 128, 4, '2017-04-17 20:04:30'),
(1279, 77, 129, 3, '2017-04-17 20:04:42'),
(1280, 77, 130, 5, '2017-04-17 20:04:16'),
(1281, 77, 131, 5, '2017-04-17 20:04:28'),
(1282, 77, 132, 2, '2017-04-17 20:04:41'),
(1283, 77, 133, 5, '2017-04-17 20:04:54'),
(1284, 77, 134, 2, '2017-04-17 20:04:06'),
(1285, 77, 135, 6, '2017-04-17 20:04:19'),
(1286, 77, 136, 3, '2017-04-17 20:04:32'),
(1287, 77, 137, 6, '2017-04-17 20:04:44'),
(1288, 77, 138, 4, '2017-04-17 20:04:57'),
(1289, 77, 139, 2, '2017-04-17 20:04:09'),
(1290, 77, 140, 6, '2017-04-17 20:04:25'),
(1291, 77, 141, 4, '2017-04-17 20:04:41'),
(1292, 77, 142, 3, '2017-04-17 20:04:56'),
(1293, 77, 143, 4, '2017-04-17 20:04:11'),
(1294, 77, 144, 4, '2017-04-17 20:04:26'),
(1295, 78, 105, 2, '2017-04-18 16:04:46'),
(1296, 78, 106, 3, '2017-04-18 16:04:58'),
(1297, 78, 107, 3, '2017-04-18 16:04:09'),
(1298, 78, 108, 3, '2017-04-18 16:04:19'),
(1299, 78, 109, 3, '2017-04-18 16:04:29'),
(1300, 78, 110, 2, '2017-04-18 16:04:22'),
(1301, 78, 111, 4, '2017-04-18 16:04:33'),
(1302, 78, 112, 3, '2017-04-18 16:04:44'),
(1303, 78, 113, 2, '2017-04-18 16:04:55'),
(1304, 78, 114, 1, '2017-04-18 16:04:06'),
(1305, 78, 115, 2, '2017-04-18 16:04:18'),
(1306, 78, 116, 4, '2017-04-18 16:04:30'),
(1307, 78, 117, 3, '2017-04-18 16:04:41'),
(1308, 78, 118, 2, '2017-04-18 16:04:52'),
(1309, 78, 119, 4, '2017-04-18 16:04:03'),
(1310, 78, 120, 4, '2017-04-18 16:04:37'),
(1311, 78, 121, 5, '2017-04-18 16:04:49'),
(1312, 78, 122, 2, '2017-04-18 16:04:00'),
(1313, 78, 123, 3, '2017-04-18 16:04:12'),
(1314, 78, 124, 3, '2017-04-18 16:04:23'),
(1315, 78, 125, 5, '2017-04-18 16:04:35'),
(1316, 78, 126, 5, '2017-04-18 16:04:48'),
(1317, 78, 127, 1, '2017-04-18 16:04:00'),
(1318, 78, 128, 2, '2017-04-18 16:04:12'),
(1319, 78, 129, 5, '2017-04-18 16:04:24'),
(1320, 78, 130, 2, '2017-04-18 16:04:57'),
(1321, 78, 131, 5, '2017-04-18 16:04:11'),
(1322, 78, 132, 1, '2017-04-18 16:04:24'),
(1323, 78, 133, 4, '2017-04-18 16:04:37'),
(1324, 78, 134, 2, '2017-04-18 16:04:51'),
(1325, 78, 135, 2, '2017-04-18 16:04:06'),
(1326, 78, 136, 3, '2017-04-18 16:04:18'),
(1327, 78, 137, 3, '2017-04-18 16:04:32'),
(1328, 78, 138, 4, '2017-04-18 16:04:47'),
(1329, 78, 139, 2, '2017-04-18 16:04:59'),
(1330, 78, 140, 6, '2017-04-18 16:04:15'),
(1331, 78, 141, 4, '2017-04-18 16:04:31'),
(1332, 78, 142, 3, '2017-04-18 16:04:49'),
(1333, 78, 143, 3, '2017-04-18 16:04:04'),
(1334, 78, 144, 6, '2017-04-18 16:04:20'),
(1335, 79, 105, 2, '2017-04-19 16:04:43'),
(1336, 79, 106, 3, '2017-04-19 16:04:53'),
(1337, 79, 107, 3, '2017-04-19 16:04:03'),
(1338, 79, 108, 3, '2017-04-19 16:04:13'),
(1339, 79, 109, 2, '2017-04-19 16:04:23'),
(1340, 79, 110, 2, '2017-04-19 16:04:14'),
(1341, 79, 111, 4, '2017-04-19 16:04:25'),
(1342, 79, 112, 3, '2017-04-19 16:04:35'),
(1343, 79, 113, 2, '2017-04-19 16:04:46'),
(1344, 79, 114, 1, '2017-04-19 16:04:56'),
(1345, 79, 115, 2, '2017-04-19 16:04:08'),
(1346, 79, 116, 4, '2017-04-19 16:04:19'),
(1347, 79, 117, 3, '2017-04-19 16:04:29'),
(1348, 79, 118, 2, '2017-04-19 16:04:40'),
(1349, 79, 119, 4, '2017-04-19 16:04:51'),
(1350, 79, 120, 5, '2017-04-19 16:04:25'),
(1351, 79, 121, 5, '2017-04-19 16:04:36'),
(1352, 79, 122, 4, '2017-04-19 16:04:48'),
(1353, 79, 123, 3, '2017-04-19 16:04:59'),
(1354, 79, 124, 3, '2017-04-19 16:04:10'),
(1355, 79, 125, 5, '2017-04-19 16:04:22'),
(1356, 79, 126, 5, '2017-04-19 16:04:34'),
(1357, 79, 127, 2, '2017-04-19 16:04:46'),
(1358, 79, 128, 4, '2017-04-19 16:04:57'),
(1359, 79, 129, 3, '2017-04-19 16:04:09'),
(1360, 79, 130, 5, '2017-04-19 16:04:42'),
(1361, 79, 131, 5, '2017-04-19 16:04:54'),
(1362, 79, 132, 1, '2017-04-19 16:04:06'),
(1363, 79, 133, 3, '2017-04-19 16:04:18'),
(1364, 79, 134, 1, '2017-04-19 16:04:30'),
(1365, 79, 135, 6, '2017-04-19 16:04:43'),
(1366, 79, 136, 3, '2017-04-19 16:04:55'),
(1367, 79, 137, 6, '2017-04-19 16:04:06'),
(1368, 79, 138, 4, '2017-04-19 16:04:18'),
(1369, 79, 139, 2, '2017-04-19 16:04:31'),
(1370, 79, 140, 6, '2017-04-19 16:04:46'),
(1371, 79, 141, 4, '2017-04-19 16:04:03'),
(1372, 79, 142, 3, '2017-04-19 16:04:19'),
(1373, 79, 143, 4, '2017-04-19 16:04:34'),
(1374, 79, 144, 4, '2017-04-19 16:04:49'),
(1375, 80, 105, 2, '2017-04-20 16:04:54'),
(1376, 80, 106, 3, '2017-04-20 16:04:04'),
(1377, 80, 107, 3, '2017-04-20 16:04:14'),
(1378, 80, 108, 3, '2017-04-20 16:04:24'),
(1379, 80, 109, 3, '2017-04-20 16:04:34'),
(1380, 80, 110, 2, '2017-04-20 16:04:25'),
(1381, 80, 111, 4, '2017-04-20 16:04:35'),
(1382, 80, 112, 3, '2017-04-20 16:04:46'),
(1383, 80, 113, 2, '2017-04-20 16:04:57'),
(1384, 80, 114, 1, '2017-04-20 16:04:07'),
(1385, 80, 115, 2, '2017-04-20 16:04:18'),
(1386, 80, 116, 4, '2017-04-20 16:04:29'),
(1387, 80, 117, 3, '2017-04-20 16:04:40'),
(1388, 80, 118, 2, '2017-04-20 16:04:50'),
(1389, 80, 119, 4, '2017-04-20 16:04:06'),
(1390, 80, 120, 5, '2017-04-20 16:04:40'),
(1391, 80, 121, 5, '2017-04-20 16:04:51'),
(1392, 80, 122, 4, '2017-04-20 16:04:02'),
(1393, 80, 123, 2, '2017-04-20 16:04:13'),
(1394, 80, 124, 3, '2017-04-20 16:04:25'),
(1395, 80, 125, 3, '2017-04-20 16:04:37'),
(1396, 80, 126, 5, '2017-04-20 16:04:48'),
(1397, 80, 127, 2, '2017-04-20 16:04:00'),
(1398, 80, 128, 2, '2017-04-20 16:04:12'),
(1399, 80, 129, 1, '2017-04-20 16:04:25'),
(1400, 80, 130, 5, '2017-04-20 16:04:58'),
(1401, 80, 131, 5, '2017-04-20 16:04:10'),
(1402, 80, 132, 1, '2017-04-20 16:04:22'),
(1403, 80, 133, 5, '2017-04-20 16:04:34'),
(1404, 80, 134, 2, '2017-04-20 16:04:46'),
(1405, 80, 135, 5, '2017-04-20 16:04:58'),
(1406, 80, 136, 4, '2017-04-20 16:04:13'),
(1407, 80, 137, 6, '2017-04-20 16:04:26'),
(1408, 80, 138, 4, '2017-04-20 16:04:38'),
(1409, 80, 139, 2, '2017-04-20 16:04:50'),
(1410, 80, 140, 6, '2017-04-20 16:04:06'),
(1411, 80, 141, 4, '2017-04-20 16:04:21'),
(1412, 80, 142, 3, '2017-04-20 16:04:36'),
(1413, 80, 143, 4, '2017-04-20 16:04:51'),
(1414, 80, 144, 3, '2017-04-20 16:04:08'),
(1415, 81, 105, 2, '2017-04-21 18:04:26'),
(1416, 81, 106, 3, '2017-04-21 18:04:36'),
(1417, 81, 107, 3, '2017-04-21 18:04:46'),
(1418, 81, 108, 3, '2017-04-21 18:04:56'),
(1419, 81, 109, 3, '2017-04-21 18:04:06'),
(1420, 81, 110, 2, '2017-04-21 18:04:59'),
(1421, 81, 111, 3, '2017-04-21 18:04:10'),
(1422, 81, 112, 2, '2017-04-21 18:04:21'),
(1423, 81, 113, 2, '2017-04-21 18:04:31'),
(1424, 81, 114, 1, '2017-04-21 18:04:42'),
(1425, 81, 115, 2, '2017-04-21 18:04:53'),
(1426, 81, 116, 3, '2017-04-21 18:04:05'),
(1427, 81, 117, 2, '2017-04-21 18:04:18'),
(1428, 81, 118, 3, '2017-04-21 18:04:28'),
(1429, 81, 119, 1, '2017-04-21 18:04:39'),
(1430, 81, 120, 3, '2017-04-21 18:04:13'),
(1431, 81, 121, 5, '2017-04-21 18:04:25'),
(1432, 81, 122, 3, '2017-04-21 18:04:36'),
(1433, 81, 123, 3, '2017-04-21 18:04:47'),
(1434, 81, 124, 4, '2017-04-21 18:04:59'),
(1435, 81, 125, 3, '2017-04-21 18:04:11'),
(1436, 81, 126, 5, '2017-04-21 18:04:22'),
(1437, 81, 127, 4, '2017-04-21 18:04:34'),
(1438, 81, 128, 2, '2017-04-21 18:04:45'),
(1439, 81, 129, 5, '2017-04-21 18:04:57'),
(1440, 81, 130, 5, '2017-04-21 18:04:31'),
(1441, 81, 131, 4, '2017-04-21 18:04:43'),
(1442, 81, 132, 1, '2017-04-21 18:04:55'),
(1443, 81, 133, 5, '2017-04-21 18:04:08'),
(1444, 81, 134, 1, '2017-04-21 18:04:20'),
(1445, 81, 135, 4, '2017-04-21 18:04:33'),
(1446, 81, 136, 5, '2017-04-21 18:04:44'),
(1447, 81, 137, 1, '2017-04-21 18:04:57'),
(1448, 81, 138, 5, '2017-04-21 18:04:10'),
(1449, 81, 139, 3, '2017-04-21 18:04:22'),
(1450, 81, 140, 6, '2017-04-21 18:04:37'),
(1451, 81, 141, 4, '2017-04-21 18:04:53'),
(1452, 81, 142, 1, '2017-04-21 18:04:08'),
(1453, 81, 143, 3, '2017-04-21 18:04:23'),
(1454, 81, 144, 3, '2017-04-21 18:04:39'),
(1455, 82, 105, 2, '2017-04-24 20:04:34'),
(1456, 82, 106, 3, '2017-04-24 20:04:44'),
(1457, 82, 107, 3, '2017-04-24 20:04:55'),
(1458, 82, 108, 3, '2017-04-24 20:04:06'),
(1459, 82, 109, 3, '2017-04-24 20:04:19'),
(1460, 82, 110, 2, '2017-04-24 20:04:09'),
(1461, 82, 111, 4, '2017-04-24 20:04:21'),
(1462, 82, 112, 3, '2017-04-24 20:04:32'),
(1463, 82, 113, 2, '2017-04-24 20:04:43'),
(1464, 82, 114, 1, '2017-04-24 20:04:54'),
(1465, 82, 115, 2, '2017-04-24 20:04:05'),
(1466, 82, 116, 4, '2017-04-24 20:04:16'),
(1467, 82, 117, 3, '2017-04-24 20:04:27'),
(1468, 82, 118, 2, '2017-04-24 20:04:39'),
(1469, 82, 119, 4, '2017-04-24 20:04:50'),
(1470, 82, 120, 5, '2017-04-24 20:04:24'),
(1471, 82, 121, 5, '2017-04-24 20:04:36'),
(1472, 82, 122, 3, '2017-04-24 20:04:49'),
(1473, 82, 123, 3, '2017-04-24 20:04:00'),
(1474, 82, 124, 3, '2017-04-24 20:04:12'),
(1475, 82, 125, 3, '2017-04-24 20:04:26'),
(1476, 82, 126, 2, '2017-04-24 20:04:40'),
(1477, 82, 127, 2, '2017-04-24 20:04:56'),
(1478, 82, 128, 2, '2017-04-24 20:04:09'),
(1479, 82, 129, 3, '2017-04-24 20:04:21'),
(1480, 82, 130, 5, '2017-04-24 20:04:55'),
(1481, 82, 131, 5, '2017-04-24 20:04:08'),
(1482, 82, 132, 2, '2017-04-24 20:04:20'),
(1483, 82, 133, 1, '2017-04-24 20:04:32'),
(1484, 82, 134, 2, '2017-04-24 20:04:46'),
(1485, 82, 135, 6, '2017-04-24 20:04:59'),
(1486, 82, 136, 3, '2017-04-24 20:04:11'),
(1487, 82, 137, 6, '2017-04-24 20:04:25'),
(1488, 82, 138, 4, '2017-04-24 20:04:37'),
(1489, 82, 139, 2, '2017-04-24 20:04:49'),
(1490, 82, 140, 6, '2017-04-24 20:04:04'),
(1491, 82, 141, 4, '2017-04-24 20:04:20'),
(1492, 82, 142, 3, '2017-04-24 20:04:34'),
(1493, 82, 143, 4, '2017-04-24 20:04:50'),
(1494, 82, 144, 5, '2017-04-24 20:04:09'),
(1495, 83, 105, 2, '2017-04-25 14:04:30'),
(1496, 83, 106, 3, '2017-04-25 14:04:40'),
(1497, 83, 107, 3, '2017-04-25 14:04:50'),
(1498, 83, 108, 3, '2017-04-25 14:04:02'),
(1499, 83, 109, 3, '2017-04-25 14:04:12'),
(1500, 83, 110, 2, '2017-04-25 14:04:04'),
(1501, 83, 111, 1, '2017-04-25 14:04:15'),
(1502, 83, 112, 2, '2017-04-25 14:04:27'),
(1503, 83, 113, 2, '2017-04-25 14:04:37'),
(1504, 83, 114, 1, '2017-04-25 14:04:49'),
(1505, 83, 115, 2, '2017-04-25 14:04:00'),
(1506, 83, 116, 3, '2017-04-25 14:04:12'),
(1507, 83, 117, 3, '2017-04-25 14:04:25'),
(1508, 83, 118, 2, '2017-04-25 14:04:46'),
(1509, 83, 119, 3, '2017-04-25 14:04:57'),
(1510, 83, 120, 2, '2017-04-25 14:04:32'),
(1511, 83, 121, 5, '2017-04-25 14:04:44'),
(1512, 83, 122, 1, '2017-04-25 14:04:57'),
(1513, 83, 123, 3, '2017-04-25 14:04:08'),
(1514, 83, 124, 5, '2017-04-25 14:04:20'),
(1515, 83, 125, 4, '2017-04-25 14:04:31'),
(1516, 83, 126, 4, '2017-04-25 14:04:45'),
(1517, 83, 127, 3, '2017-04-25 14:04:56'),
(1518, 83, 128, 4, '2017-04-25 14:04:08'),
(1519, 83, 129, 4, '2017-04-25 14:04:20'),
(1520, 83, 130, 5, '2017-04-25 14:04:54'),
(1521, 83, 131, 5, '2017-04-25 14:04:06'),
(1522, 83, 132, 6, '2017-04-25 14:04:19'),
(1523, 83, 133, 5, '2017-04-25 14:04:31'),
(1524, 83, 134, 4, '2017-04-25 14:04:45'),
(1525, 83, 135, 5, '2017-04-25 14:04:57'),
(1526, 83, 136, 4, '2017-04-25 14:04:12'),
(1527, 83, 137, 3, '2017-04-25 14:04:24'),
(1528, 83, 138, 4, '2017-04-25 14:04:36'),
(1529, 83, 139, 2, '2017-04-25 14:04:51'),
(1530, 83, 140, 6, '2017-04-25 14:04:06'),
(1531, 83, 141, 5, '2017-04-25 14:04:22'),
(1532, 83, 142, 2, '2017-04-25 14:04:37'),
(1533, 83, 143, 4, '2017-04-25 14:04:52'),
(1534, 83, 144, 5, '2017-04-25 14:04:08'),
(1535, 84, 105, 2, '2017-04-26 16:04:34'),
(1536, 84, 106, 3, '2017-04-26 16:04:44'),
(1537, 84, 107, 3, '2017-04-26 16:04:56'),
(1538, 84, 108, 3, '2017-04-26 16:04:06'),
(1539, 84, 109, 3, '2017-04-26 16:04:16'),
(1540, 84, 110, 2, '2017-04-26 16:04:07'),
(1541, 84, 111, 4, '2017-04-26 16:04:18'),
(1542, 84, 112, 3, '2017-04-26 16:04:28'),
(1543, 84, 113, 2, '2017-04-26 16:04:38'),
(1544, 84, 114, 1, '2017-04-26 16:04:49'),
(1545, 84, 115, 2, '2017-04-26 16:04:00'),
(1546, 84, 116, 4, '2017-04-26 16:04:11'),
(1547, 84, 117, 3, '2017-04-26 16:04:22'),
(1548, 84, 118, 2, '2017-04-26 16:04:32'),
(1549, 84, 119, 4, '2017-04-26 16:04:43'),
(1550, 84, 120, 3, '2017-04-26 16:04:17'),
(1551, 84, 121, 4, '2017-04-26 16:04:31'),
(1552, 84, 122, 2, '2017-04-26 16:04:43'),
(1553, 84, 123, 1, '2017-04-26 16:04:54'),
(1554, 84, 124, 3, '2017-04-26 16:04:06'),
(1555, 84, 125, 2, '2017-04-26 16:04:18'),
(1556, 84, 126, 5, '2017-04-26 16:04:29'),
(1557, 84, 127, 2, '2017-04-26 16:04:41'),
(1558, 84, 128, 3, '2017-04-26 16:04:52'),
(1559, 84, 129, 3, '2017-04-26 16:04:04'),
(1560, 84, 130, 4, '2017-04-26 16:04:37'),
(1561, 84, 131, 5, '2017-04-26 16:04:49'),
(1562, 84, 132, 1, '2017-04-26 16:04:01'),
(1563, 84, 133, 4, '2017-04-26 16:04:13'),
(1564, 84, 134, 1, '2017-04-26 16:04:25'),
(1565, 84, 135, 6, '2017-04-26 16:04:37'),
(1566, 84, 136, 3, '2017-04-26 16:04:49'),
(1567, 84, 137, 2, '2017-04-26 16:04:04'),
(1568, 84, 138, 4, '2017-04-26 16:04:16'),
(1569, 84, 139, 2, '2017-04-26 16:04:27'),
(1570, 84, 140, 6, '2017-04-26 16:04:43'),
(1571, 84, 141, 4, '2017-04-26 16:04:58'),
(1572, 84, 142, 3, '2017-04-26 16:04:13'),
(1573, 84, 143, 4, '2017-04-26 16:04:28'),
(1574, 84, 144, 3, '2017-04-26 16:04:43'),
(1575, 85, 105, 2, '2017-04-28 16:04:21'),
(1576, 85, 106, 1, '2017-04-28 16:04:31'),
(1577, 85, 107, 3, '2017-04-28 16:04:41'),
(1578, 85, 108, 3, '2017-04-28 16:04:51'),
(1579, 85, 109, 3, '2017-04-28 16:04:01'),
(1580, 85, 110, 1, '2017-04-28 16:04:52'),
(1581, 85, 111, 4, '2017-04-28 16:04:03'),
(1582, 85, 112, 1, '2017-04-28 16:04:14'),
(1583, 85, 113, 4, '2017-04-28 16:04:24'),
(1584, 85, 114, 2, '2017-04-28 16:04:35'),
(1585, 85, 115, 2, '2017-04-28 16:04:46'),
(1586, 85, 116, 4, '2017-04-28 16:04:57'),
(1587, 85, 117, 4, '2017-04-28 16:04:08'),
(1588, 85, 118, 1, '2017-04-28 16:04:18'),
(1589, 85, 119, 4, '2017-04-28 16:04:29'),
(1590, 85, 120, 5, '2017-04-28 16:04:03'),
(1591, 85, 121, 5, '2017-04-28 16:04:14'),
(1592, 85, 122, 2, '2017-04-28 16:04:26'),
(1593, 85, 123, 3, '2017-04-28 16:04:37'),
(1594, 85, 124, 3, '2017-04-28 16:04:49'),
(1595, 85, 125, 5, '2017-04-28 16:04:00'),
(1596, 85, 126, 5, '2017-04-28 16:04:12'),
(1597, 85, 127, 1, '2017-04-28 16:04:23'),
(1598, 85, 128, 2, '2017-04-28 16:04:35'),
(1599, 85, 129, 3, '2017-04-28 16:04:47'),
(1600, 85, 130, 5, '2017-04-28 16:04:20'),
(1601, 85, 131, 5, '2017-04-28 16:04:32'),
(1602, 85, 132, 3, '2017-04-28 16:04:44'),
(1603, 85, 133, 4, '2017-04-28 16:04:56'),
(1604, 85, 134, 6, '2017-04-28 16:04:08'),
(1605, 85, 135, 6, '2017-04-28 16:04:20'),
(1606, 85, 136, 3, '2017-04-28 16:04:39'),
(1607, 85, 137, 6, '2017-04-28 16:04:51'),
(1608, 85, 138, 4, '2017-04-28 16:04:03'),
(1609, 85, 139, 3, '2017-04-28 16:04:17'),
(1610, 85, 140, 6, '2017-04-28 16:04:32'),
(1611, 85, 141, 4, '2017-04-28 16:04:48'),
(1612, 85, 142, 3, '2017-04-28 16:04:02'),
(1613, 85, 143, 4, '2017-04-28 16:04:18'),
(1614, 85, 144, 4, '2017-04-28 16:04:33'),
(1615, 86, 105, 2, '2017-05-01 16:05:08'),
(1616, 86, 106, 3, '2017-05-01 16:05:19'),
(1617, 86, 107, 3, '2017-05-01 16:05:29'),
(1618, 86, 108, 3, '2017-05-01 16:05:39'),
(1619, 86, 109, 3, '2017-05-01 16:05:49'),
(1620, 86, 110, 2, '2017-05-01 16:05:40'),
(1621, 86, 111, 4, '2017-05-01 16:05:51'),
(1622, 86, 112, 3, '2017-05-01 16:05:03'),
(1623, 86, 113, 2, '2017-05-01 16:05:13'),
(1624, 86, 114, 1, '2017-05-01 16:05:24'),
(1625, 86, 115, 2, '2017-05-01 16:05:36'),
(1626, 86, 116, 4, '2017-05-01 16:05:47'),
(1627, 86, 117, 2, '2017-05-01 16:05:59'),
(1628, 86, 118, 2, '2017-05-01 16:05:16'),
(1629, 86, 119, 4, '2017-05-01 16:05:27'),
(1630, 86, 120, 4, '2017-05-01 16:05:01'),
(1631, 86, 121, 5, '2017-05-01 16:05:13'),
(1632, 86, 122, 3, '2017-05-01 16:05:24'),
(1633, 86, 123, 4, '2017-05-01 16:05:36'),
(1634, 86, 124, 3, '2017-05-01 16:05:47'),
(1635, 86, 125, 4, '2017-05-01 16:05:59'),
(1636, 86, 126, 5, '2017-05-01 16:05:11'),
(1637, 86, 127, 3, '2017-05-01 16:05:23'),
(1638, 86, 128, 3, '2017-05-01 16:05:34'),
(1639, 86, 129, 3, '2017-05-01 16:05:49'),
(1640, 86, 130, 4, '2017-05-01 16:05:24'),
(1641, 86, 131, 4, '2017-05-01 16:05:40'),
(1642, 86, 132, 3, '2017-05-01 16:05:52'),
(1643, 86, 133, 1, '2017-05-01 16:05:04'),
(1644, 86, 134, 2, '2017-05-01 16:05:16'),
(1645, 86, 135, 6, '2017-05-01 16:05:29'),
(1646, 86, 136, 3, '2017-05-01 16:05:42'),
(1647, 86, 137, 6, '2017-05-01 16:05:55'),
(1648, 86, 138, 4, '2017-05-01 16:05:07'),
(1649, 86, 139, 3, '2017-05-01 16:05:22'),
(1650, 86, 140, 6, '2017-05-01 16:05:37'),
(1651, 86, 141, 4, '2017-05-01 16:05:53'),
(1652, 86, 142, 3, '2017-05-01 16:05:08'),
(1653, 86, 143, 4, '2017-05-01 16:05:23'),
(1654, 86, 144, 4, '2017-05-01 16:05:38'),
(1655, 87, 105, 2, '2017-05-03 16:05:15'),
(1656, 87, 106, 3, '2017-05-03 16:05:25'),
(1657, 87, 107, 3, '2017-05-03 16:05:35'),
(1658, 87, 108, 3, '2017-05-03 16:05:45'),
(1659, 87, 109, 3, '2017-05-03 16:05:55'),
(1660, 87, 110, 2, '2017-05-03 16:05:46'),
(1661, 87, 111, 1, '2017-05-03 16:05:57'),
(1662, 87, 112, 4, '2017-05-03 16:05:08'),
(1663, 87, 113, 2, '2017-05-03 16:05:19'),
(1664, 87, 114, 1, '2017-05-03 16:05:29'),
(1665, 87, 115, 2, '2017-05-03 16:05:40'),
(1666, 87, 116, 4, '2017-05-03 16:05:52'),
(1667, 87, 117, 4, '2017-05-03 16:05:03'),
(1668, 87, 118, 2, '2017-05-03 16:05:13'),
(1669, 87, 119, 3, '2017-05-03 16:05:24'),
(1670, 87, 120, 3, '2017-05-03 16:05:58'),
(1671, 87, 121, 3, '2017-05-03 16:05:10'),
(1672, 87, 122, 2, '2017-05-03 16:05:22'),
(1673, 87, 123, 2, '2017-05-03 16:05:33'),
(1674, 87, 124, 3, '2017-05-03 16:05:45'),
(1675, 87, 125, 4, '2017-05-03 16:05:56'),
(1676, 87, 126, 5, '2017-05-03 16:05:08'),
(1677, 87, 127, 3, '2017-05-03 16:05:20'),
(1678, 87, 128, 4, '2017-05-03 16:05:32'),
(1679, 87, 129, 2, '2017-05-03 16:05:43'),
(1680, 87, 129, 2, '2017-05-03 16:05:46'),
(1681, 87, 130, 2, '2017-05-03 16:05:16'),
(1682, 87, 131, 6, '2017-05-03 16:05:28'),
(1683, 87, 132, 1, '2017-05-03 16:05:40'),
(1684, 87, 133, 4, '2017-05-03 16:05:52'),
(1685, 87, 134, 2, '2017-05-03 16:05:04'),
(1686, 87, 135, 3, '2017-05-03 16:05:16'),
(1687, 87, 136, 3, '2017-05-03 16:05:29'),
(1688, 87, 137, 6, '2017-05-03 16:05:41'),
(1689, 87, 138, 1, '2017-05-03 16:05:54'),
(1690, 87, 139, 2, '2017-05-03 16:05:05'),
(1691, 87, 140, 3, '2017-05-03 16:05:21'),
(1692, 87, 141, 4, '2017-05-03 16:05:36'),
(1693, 87, 142, 2, '2017-05-03 16:05:51'),
(1694, 87, 143, 4, '2017-05-03 16:05:07'),
(1695, 87, 144, 5, '2017-05-03 16:05:22'),
(1696, 87, 144, 5, '2017-05-03 16:05:25'),
(1697, 88, 105, 2, '2017-05-09 16:05:53'),
(1698, 88, 106, 3, '2017-05-09 16:05:03'),
(1699, 88, 107, 3, '2017-05-09 16:05:13'),
(1700, 88, 108, 3, '2017-05-09 16:05:23'),
(1701, 88, 109, 3, '2017-05-09 16:05:33'),
(1702, 88, 110, 2, '2017-05-09 16:05:24'),
(1703, 88, 111, 4, '2017-05-09 16:05:34'),
(1704, 88, 112, 3, '2017-05-09 16:05:45'),
(1705, 88, 113, 2, '2017-05-09 16:05:55'),
(1706, 88, 114, 1, '2017-05-09 16:05:06'),
(1707, 88, 115, 2, '2017-05-09 16:05:16'),
(1708, 88, 116, 4, '2017-05-09 16:05:27'),
(1709, 88, 117, 3, '2017-05-09 16:05:38'),
(1710, 88, 118, 2, '2017-05-09 16:05:49'),
(1711, 88, 119, 4, '2017-05-09 16:05:00'),
(1712, 88, 120, 5, '2017-05-09 16:05:38'),
(1713, 88, 121, 5, '2017-05-09 16:05:49'),
(1714, 88, 122, 4, '2017-05-09 16:05:01'),
(1715, 88, 123, 2, '2017-05-09 16:05:16'),
(1716, 88, 124, 3, '2017-05-09 16:05:27'),
(1717, 88, 125, 5, '2017-05-09 16:05:39'),
(1718, 88, 126, 5, '2017-05-09 16:05:50'),
(1719, 88, 127, 2, '2017-05-09 16:05:02'),
(1720, 88, 128, 4, '2017-05-09 16:05:14'),
(1721, 88, 129, 3, '2017-05-09 16:05:25'),
(1722, 88, 130, 5, '2017-05-09 16:05:59'),
(1723, 88, 131, 5, '2017-05-09 16:05:11'),
(1724, 88, 132, 1, '2017-05-09 16:05:24'),
(1725, 88, 133, 2, '2017-05-09 16:05:37'),
(1726, 88, 134, 1, '2017-05-09 16:05:49'),
(1727, 88, 135, 4, '2017-05-09 16:05:14'),
(1728, 88, 136, 3, '2017-05-09 16:05:26'),
(1729, 88, 137, 6, '2017-05-09 16:05:38'),
(1730, 88, 138, 4, '2017-05-09 16:05:50'),
(1731, 88, 139, 2, '2017-05-09 17:05:02'),
(1732, 88, 140, 6, '2017-05-09 17:05:18'),
(1733, 88, 141, 4, '2017-05-09 17:05:35'),
(1734, 88, 142, 3, '2017-05-09 17:05:50'),
(1735, 88, 143, 4, '2017-05-09 17:05:08'),
(1736, 88, 144, 4, '2017-05-09 17:05:25'),
(1737, 89, 105, 1, '2017-06-26 16:06:40'),
(1738, 89, 106, 3, '2017-06-26 16:06:50'),
(1739, 89, 107, 1, '2017-06-26 16:06:00'),
(1740, 89, 108, 2, '2017-06-26 16:06:14'),
(1741, 89, 109, 3, '2017-06-26 16:06:28'),
(1742, 89, 109, 3, '2017-06-26 16:06:30'),
(1743, 89, 110, 2, '2017-06-26 16:06:32'),
(1744, 89, 111, 3, '2017-06-26 16:06:44'),
(1745, 89, 112, 3, '2017-06-26 16:06:57'),
(1746, 89, 113, 2, '2017-06-26 16:06:09'),
(1747, 89, 114, 3, '2017-06-26 16:06:20'),
(1748, 89, 115, 2, '2017-06-26 16:06:11'),
(1749, 89, 116, 2, '2017-06-26 16:06:22'),
(1750, 89, 117, 3, '2017-06-26 16:06:33'),
(1751, 89, 118, 1, '2017-06-26 16:06:45'),
(1752, 89, 119, 3, '2017-06-26 16:06:43'),
(1753, 89, 119, 3, '2017-06-26 16:06:46'),
(1754, 89, 120, 4, '2017-06-26 16:06:17'),
(1755, 89, 121, 1, '2017-06-26 16:06:28'),
(1756, 89, 122, 1, '2017-06-26 16:06:41');
INSERT INTO `aims_user_answers` (`id`, `userid`, `questionid`, `optionid`, `addeddate`) VALUES
(1757, 89, 123, 2, '2017-06-26 16:06:57'),
(1758, 89, 124, 4, '2017-06-26 16:06:10'),
(1759, 89, 125, 4, '2017-06-26 16:06:26'),
(1760, 89, 126, 1, '2017-06-26 16:06:39'),
(1761, 89, 127, 2, '2017-06-26 16:06:51'),
(1762, 89, 128, 3, '2017-06-26 16:06:03'),
(1763, 89, 129, 1, '2017-06-26 16:06:16'),
(1764, 89, 130, 2, '2017-06-26 16:06:50'),
(1765, 89, 131, 3, '2017-06-26 16:06:04'),
(1766, 89, 132, 4, '2017-06-26 16:06:17'),
(1767, 89, 133, 3, '2017-06-26 16:06:30'),
(1768, 89, 134, 4, '2017-06-26 16:06:43'),
(1769, 89, 135, 1, '2017-06-26 16:06:58'),
(1770, 89, 136, 6, '2017-06-26 16:06:37'),
(1771, 89, 137, 4, '2017-06-26 16:06:51'),
(1772, 89, 138, 3, '2017-06-26 16:06:06'),
(1773, 89, 139, 1, '2017-06-26 16:06:18'),
(1774, 89, 140, 1, '2017-06-26 16:06:34'),
(1775, 89, 141, 5, '2017-06-26 16:06:50'),
(1776, 89, 142, 6, '2017-06-26 16:06:09'),
(1777, 89, 143, 6, '2017-06-26 16:06:28'),
(1778, 89, 144, 6, '2017-06-26 16:06:44');

-- --------------------------------------------------------

--
-- Table structure for table `ci_sessions`
--

DROP TABLE IF EXISTS `ci_sessions`;
CREATE TABLE IF NOT EXISTS `ci_sessions` (
  `id` varchar(40) NOT NULL,
  `ip_address` varchar(45) NOT NULL,
  `timestamp` int(10) unsigned NOT NULL DEFAULT '0',
  `data` blob NOT NULL,
  KEY `ci_sessions_timestamp` (`timestamp`)
) ENGINE=InnoDB DEFAULT CHARSET=utf8;

--
-- Dumping data for table `ci_sessions`
--

INSERT INTO `ci_sessions` (`id`, `ip_address`, `timestamp`, `data`) VALUES
('f2d7093eaed0d9b2585182b34de912ee6b7996c6', '127.0.0.1', 1501662551, 0x5f5f63695f6c6173745f726567656e65726174657c693a313530313636323334353b456d706c6f79656549447c733a313a2234223b456d706c6f796565464e616d657c733a333a22646576223b456d706c6f7965654c4e616d657c733a343a2274657374223b456d706c6f796565526f6c657c733a353a2261646d696e223b),
('2ccb25542205ae0998a12464c6e7cde337573d23', '127.0.0.1', 1501663021, 0x5f5f63695f6c6173745f726567656e65726174657c693a313530313636323736343b456d706c6f79656549447c733a313a2234223b456d706c6f796565464e616d657c733a333a22646576223b456d706c6f7965654c4e616d657c733a343a2274657374223b456d706c6f796565526f6c657c733a353a2261646d696e223b),
('7e3a522d0210440684756eec3c782a6cc0ab5375', '127.0.0.1', 1501663433, 0x5f5f63695f6c6173745f726567656e65726174657c693a313530313636333134393b456d706c6f79656549447c733a313a2234223b456d706c6f796565464e616d657c733a333a22646576223b456d706c6f7965654c4e616d657c733a343a2274657374223b456d706c6f796565526f6c657c733a353a2261646d696e223b),
('b875810e55f8bf084fd73203b655520ef3e4375d', '127.0.0.1', 1501664563, 0x5f5f63695f6c6173745f726567656e65726174657c693a313530313636343334313b456d706c6f79656549447c733a313a2234223b456d706c6f796565464e616d657c733a333a22646576223b456d706c6f7965654c4e616d657c733a343a2274657374223b456d706c6f796565526f6c657c733a353a2261646d696e223b),
('b1df8c63f0bc8c2dcf0685254078db6475df24fd', '127.0.0.1', 1501665659, 0x5f5f63695f6c6173745f726567656e65726174657c693a313530313636353336393b456d706c6f79656549447c733a313a2234223b456d706c6f796565464e616d657c733a333a22646576223b456d706c6f7965654c4e616d657c733a343a2274657374223b456d706c6f796565526f6c657c733a353a2261646d696e223b),
('e1b5d4f0605bc0d7540d03bf9328590f65e6dd8c', '127.0.0.1', 1501665920, 0x5f5f63695f6c6173745f726567656e65726174657c693a313530313636353731363b456d706c6f79656549447c733a313a2234223b456d706c6f796565464e616d657c733a333a22646576223b456d706c6f7965654c4e616d657c733a343a2274657374223b456d706c6f796565526f6c657c733a353a2261646d696e223b),
('c717eb8f0c120fb4767db2d056fb5631c2a3e92b', '127.0.0.1', 1501666280, 0x5f5f63695f6c6173745f726567656e65726174657c693a313530313636363039323b456d706c6f79656549447c733a313a2234223b456d706c6f796565464e616d657c733a333a22646576223b456d706c6f7965654c4e616d657c733a343a2274657374223b456d706c6f796565526f6c657c733a353a2261646d696e223b),
('4aa6f808138639375489781f2c55ab148d0fe3f6', '127.0.0.1', 1501666804, 0x5f5f63695f6c6173745f726567656e65726174657c693a313530313636363631303b456d706c6f79656549447c733a313a2234223b456d706c6f796565464e616d657c733a333a22646576223b456d706c6f7965654c4e616d657c733a343a2274657374223b456d706c6f796565526f6c657c733a353a2261646d696e223b),
('60788fa6f76dd32ead7749bf1a9de18094cdcd1c', '127.0.0.1', 1501667262, 0x5f5f63695f6c6173745f726567656e65726174657c693a313530313636373036393b456d706c6f79656549447c733a313a2234223b456d706c6f796565464e616d657c733a333a22646576223b456d706c6f7965654c4e616d657c733a343a2274657374223b456d706c6f796565526f6c657c733a353a2261646d696e223b),
('8eacc6510d2d30d9ad9295f74b10770a55fb0624', '127.0.0.1', 1501667710, 0x5f5f63695f6c6173745f726567656e65726174657c693a313530313636373630383b456d706c6f79656549447c733a313a2234223b456d706c6f796565464e616d657c733a333a22646576223b456d706c6f7965654c4e616d657c733a343a2274657374223b456d706c6f796565526f6c657c733a353a2261646d696e223b),
('2076f32573bcec87cb3bf54ba58cb823c5850e97', '127.0.0.1', 1501668187, 0x5f5f63695f6c6173745f726567656e65726174657c693a313530313636373932313b456d706c6f79656549447c733a313a2234223b456d706c6f796565464e616d657c733a333a22646576223b456d706c6f7965654c4e616d657c733a343a2274657374223b456d706c6f796565526f6c657c733a353a2261646d696e223b),
('b6a3f7a84b6a9b428e0394880b2c4cee7a3f5d1c', '127.0.0.1', 1501668459, 0x5f5f63695f6c6173745f726567656e65726174657c693a313530313636383235303b456d706c6f79656549447c733a313a2234223b456d706c6f796565464e616d657c733a333a22646576223b456d706c6f7965654c4e616d657c733a343a2274657374223b456d706c6f796565526f6c657c733a353a2261646d696e223b),
('9bf44539a322669f46e93b14c48319aa81217f18', '127.0.0.1', 1501668619, 0x5f5f63695f6c6173745f726567656e65726174657c693a313530313636383537393b456d706c6f79656549447c733a313a2234223b456d706c6f796565464e616d657c733a333a22646576223b456d706c6f7965654c4e616d657c733a343a2274657374223b456d706c6f796565526f6c657c733a353a2261646d696e223b),
('2340893749862112bd14d67310918cd73a1f2441', '127.0.0.1', 1501669195, 0x5f5f63695f6c6173745f726567656e65726174657c693a313530313636383932353b456d706c6f79656549447c733a313a2234223b456d706c6f796565464e616d657c733a333a22646576223b456d706c6f7965654c4e616d657c733a343a2274657374223b456d706c6f796565526f6c657c733a353a2261646d696e223b),
('9f51f0a69e0829bb290456925a674c62dd34d4d7', '127.0.0.1', 1501669892, 0x5f5f63695f6c6173745f726567656e65726174657c693a313530313636393637363b456d706c6f79656549447c733a313a2234223b456d706c6f796565464e616d657c733a333a22646576223b456d706c6f7965654c4e616d657c733a343a2274657374223b456d706c6f796565526f6c657c733a353a2261646d696e223b),
('d6684cd9fa7317363cdda094b7daa502988781b6', '127.0.0.1', 1501670161, 0x5f5f63695f6c6173745f726567656e65726174657c693a313530313637303036363b456d706c6f79656549447c733a313a2234223b456d706c6f796565464e616d657c733a333a22646576223b456d706c6f7965654c4e616d657c733a343a2274657374223b456d706c6f796565526f6c657c733a353a2261646d696e223b),
('f943b1e142890a33bb65c87a6b13e360cf8f7e31', '127.0.0.1', 1501670743, 0x5f5f63695f6c6173745f726567656e65726174657c693a313530313637303731363b456d706c6f79656549447c733a313a2234223b456d706c6f796565464e616d657c733a333a22646576223b456d706c6f7965654c4e616d657c733a343a2274657374223b456d706c6f796565526f6c657c733a353a2261646d696e223b),
('0242eb3fc0f46b01ce8e1554b48dd25e09a0f427', '127.0.0.1', 1501671324, 0x5f5f63695f6c6173745f726567656e65726174657c693a313530313637313035313b456d706c6f79656549447c733a313a2234223b456d706c6f796565464e616d657c733a333a22646576223b456d706c6f7965654c4e616d657c733a343a2274657374223b456d706c6f796565526f6c657c733a353a2261646d696e223b),
('1555f6816b0476e47ae4e00665092b0017e360bd', '127.0.0.1', 1501671718, 0x5f5f63695f6c6173745f726567656e65726174657c693a313530313637313432363b456d706c6f79656549447c733a313a2234223b456d706c6f796565464e616d657c733a333a22646576223b456d706c6f7965654c4e616d657c733a343a2274657374223b456d706c6f796565526f6c657c733a353a2261646d696e223b),
('225ee114ee400f66014e329d747ddd2975ae887d', '127.0.0.1', 1501671961, 0x5f5f63695f6c6173745f726567656e65726174657c693a313530313637313737373b456d706c6f79656549447c733a313a2234223b456d706c6f796565464e616d657c733a333a22646576223b456d706c6f7965654c4e616d657c733a343a2274657374223b456d706c6f796565526f6c657c733a353a2261646d696e223b),
('bef86c4f6eeaec2d722a8354dc43b19997d4af00', '127.0.0.1', 1501672899, 0x5f5f63695f6c6173745f726567656e65726174657c693a313530313637323630383b456d706c6f796565526f6c657c733a353a2261646d696e223b456d706c6f79656549447c733a313a2234223b456d706c6f796565464e616d657c733a333a22646576223b456d706c6f7965654c4e616d657c733a343a2274657374223b),
('9f92d82226b3deaba75e4f1232fb1b1ef2043266', '127.0.0.1', 1501674506, 0x5f5f63695f6c6173745f726567656e65726174657c693a313530313637343330343b456d706c6f796565526f6c657c733a353a2261646d696e223b456d706c6f79656549447c733a313a2234223b456d706c6f796565464e616d657c733a333a22646576223b456d706c6f7965654c4e616d657c733a343a2274657374223b),
('e8e78f12b90c236a79f9becbf00bc2298615a607', '127.0.0.1', 1501674911, 0x5f5f63695f6c6173745f726567656e65726174657c693a313530313637343632363b456d706c6f796565526f6c657c733a353a2261646d696e223b456d706c6f79656549447c733a313a2234223b456d706c6f796565464e616d657c733a333a22646576223b456d706c6f7965654c4e616d657c733a343a2274657374223b),
('171d9bef2061db31427279f56517d5ddfd11753c', '127.0.0.1', 1501675288, 0x5f5f63695f6c6173745f726567656e65726174657c693a313530313637353230363b456d706c6f796565526f6c657c733a353a2261646d696e223b456d706c6f79656549447c733a313a2234223b456d706c6f796565464e616d657c733a333a22646576223b456d706c6f7965654c4e616d657c733a343a2274657374223b),
('b2819b5dbec8f0f24176e6f127208c9c13a171ce', '127.0.0.1', 1501675684, 0x5f5f63695f6c6173745f726567656e65726174657c693a313530313637353537303b456d706c6f796565526f6c657c733a353a2261646d696e223b456d706c6f79656549447c733a313a2234223b456d706c6f796565464e616d657c733a333a22646576223b456d706c6f7965654c4e616d657c733a343a2274657374223b),
('45bd0b735fcef4c175fc864dd217a8c52136d2e7', '127.0.0.1', 1501676234, 0x5f5f63695f6c6173745f726567656e65726174657c693a313530313637363133393b456d706c6f796565526f6c657c733a353a2261646d696e223b456d706c6f79656549447c733a313a2234223b456d706c6f796565464e616d657c733a333a22646576223b456d706c6f7965654c4e616d657c733a343a2274657374223b),
('81fe85cc189f0aae94bcac910b890ed3e3a09250', '127.0.0.1', 1501676809, 0x5f5f63695f6c6173745f726567656e65726174657c693a313530313637363536363b456d706c6f796565526f6c657c733a353a2261646d696e223b456d706c6f79656549447c733a313a2234223b456d706c6f796565464e616d657c733a333a22646576223b456d706c6f7965654c4e616d657c733a343a2274657374223b),
('182477c2aefe76f119e34386f6be5d83fe00df43', '127.0.0.1', 1501677019, 0x5f5f63695f6c6173745f726567656e65726174657c693a313530313637363839393b456d706c6f796565526f6c657c733a353a2261646d696e223b456d706c6f79656549447c733a313a2234223b456d706c6f796565464e616d657c733a333a22646576223b456d706c6f7965654c4e616d657c733a343a2274657374223b),
('109ab6f6af0f3390745665d2b25d7d861f03e841', '127.0.0.1', 1501677376, 0x5f5f63695f6c6173745f726567656e65726174657c693a313530313637373331323b456d706c6f796565526f6c657c733a353a2261646d696e223b456d706c6f79656549447c733a313a2234223b456d706c6f796565464e616d657c733a333a22646576223b456d706c6f7965654c4e616d657c733a343a2274657374223b),
('c5ee608efde1ee155d48c5bd16e24826dcd8c91b', '127.0.0.1', 1501677653, 0x5f5f63695f6c6173745f726567656e65726174657c693a313530313637373633393b456d706c6f796565526f6c657c733a353a2261646d696e223b456d706c6f79656549447c733a313a2234223b456d706c6f796565464e616d657c733a333a22646576223b456d706c6f7965654c4e616d657c733a343a2274657374223b),
('c0ab0e3e6adb2c7d4fb3f4f99361f2081639d1c6', '127.0.0.1', 1501678639, 0x5f5f63695f6c6173745f726567656e65726174657c693a313530313637383535343b456d706c6f796565526f6c657c733a353a2261646d696e223b456d706c6f79656549447c733a313a2234223b456d706c6f796565464e616d657c733a333a22646576223b456d706c6f7965654c4e616d657c733a343a2274657374223b),
('a5a71fee1c646a5a6eaaab0dd71d6cb75f7da717', '127.0.0.1', 1501679061, 0x5f5f63695f6c6173745f726567656e65726174657c693a313530313637383936363b456d706c6f796565526f6c657c733a353a2261646d696e223b456d706c6f79656549447c733a313a2234223b456d706c6f796565464e616d657c733a333a22646576223b456d706c6f7965654c4e616d657c733a343a2274657374223b),
('e9336dde7f8af2a59494cc348dca14e3fa34a8d4', '127.0.0.1', 1501679595, 0x5f5f63695f6c6173745f726567656e65726174657c693a313530313637393338353b456d706c6f796565526f6c657c733a353a2261646d696e223b456d706c6f79656549447c733a313a2234223b456d706c6f796565464e616d657c733a333a22646576223b456d706c6f7965654c4e616d657c733a343a2274657374223b),
('c883b44d9f07b680349a1bad7c349bc7b304a609', '127.0.0.1', 1501679860, 0x5f5f63695f6c6173745f726567656e65726174657c693a313530313637393737383b456d706c6f796565526f6c657c733a353a2261646d696e223b456d706c6f79656549447c733a313a2234223b456d706c6f796565464e616d657c733a333a22646576223b456d706c6f7965654c4e616d657c733a343a2274657374223b),
('e9d0bf72ccd6bf6f8e4b4b7e66f1b1f3a2e430a3', '127.0.0.1', 1501680230, 0x5f5f63695f6c6173745f726567656e65726174657c693a313530313638303132383b456d706c6f796565526f6c657c733a353a2261646d696e223b456d706c6f79656549447c733a313a2234223b456d706c6f796565464e616d657c733a333a22646576223b456d706c6f7965654c4e616d657c733a343a2274657374223b),
('034784cb8af33f9389fcac4f1121ac9fe7c3682a', '127.0.0.1', 1501680869, 0x5f5f63695f6c6173745f726567656e65726174657c693a313530313638303836393b456d706c6f796565526f6c657c733a353a2261646d696e223b456d706c6f79656549447c733a313a2234223b456d706c6f796565464e616d657c733a333a22646576223b456d706c6f7965654c4e616d657c733a343a2274657374223b),
('60bdb0915ebc126f71a00f6c8c766fde54178c0a', '127.0.0.1', 1501681724, 0x5f5f63695f6c6173745f726567656e65726174657c693a313530313638313634373b456d706c6f796565526f6c657c733a353a2261646d696e223b456d706c6f79656549447c733a313a2234223b456d706c6f796565464e616d657c733a333a22646576223b456d706c6f7965654c4e616d657c733a343a2274657374223b),
('a26463a40655fd5e2fc05326cd541580486ee5d5', '127.0.0.1', 1501683814, 0x5f5f63695f6c6173745f726567656e65726174657c693a313530313638333831323b456d706c6f796565526f6c657c733a353a2261646d696e223b),
('720b66e81cfbe1b2f5c0f7e6752bf0dc9128db89', '127.0.0.1', 1501732336, 0x5f5f63695f6c6173745f726567656e65726174657c693a313530313733323231373b456d706c6f79656549447c733a313a2234223b456d706c6f796565464e616d657c733a333a22646576223b456d706c6f7965654c4e616d657c733a343a2274657374223b456d706c6f796565526f6c657c733a353a2261646d696e223b),
('f7a6c6a6ac91c8c7fa32fe9a73ced994472d1249', '127.0.0.1', 1501733911, 0x5f5f63695f6c6173745f726567656e65726174657c693a313530313733333839383b456d706c6f79656549447c733a313a2234223b456d706c6f796565464e616d657c733a333a22646576223b456d706c6f7965654c4e616d657c733a343a2274657374223b456d706c6f796565526f6c657c733a353a2261646d696e223b),
('1fa31856b0f0b2848cd23733cd450cf455068d38', '127.0.0.1', 1501736254, 0x5f5f63695f6c6173745f726567656e65726174657c693a313530313733363235343b456d706c6f79656549447c733a313a2234223b456d706c6f796565464e616d657c733a333a22646576223b456d706c6f7965654c4e616d657c733a343a2274657374223b456d706c6f796565526f6c657c733a353a2261646d696e223b),
('01af30a1dabdc0f43163310bfdbe13edc098a00d', '127.0.0.1', 1501738218, 0x5f5f63695f6c6173745f726567656e65726174657c693a313530313733373939353b456d706c6f79656549447c733a313a2234223b456d706c6f796565464e616d657c733a333a22646576223b456d706c6f7965654c4e616d657c733a343a2274657374223b456d706c6f796565526f6c657c733a353a2261646d696e223b),
('a854ecb8e5c3120af00ec70d7d460b7b015e742f', '127.0.0.1', 1501738542, 0x5f5f63695f6c6173745f726567656e65726174657c693a313530313733383330313b456d706c6f79656549447c733a313a2234223b456d706c6f796565464e616d657c733a333a22646576223b456d706c6f7965654c4e616d657c733a343a2274657374223b456d706c6f796565526f6c657c733a353a2261646d696e223b),
('8671537edfe2e9acefa472bcadd7ea7ed8f7351b', '127.0.0.1', 1501738632, 0x5f5f63695f6c6173745f726567656e65726174657c693a313530313733383632373b456d706c6f79656549447c733a313a2234223b456d706c6f796565464e616d657c733a333a22646576223b456d706c6f7965654c4e616d657c733a343a2274657374223b456d706c6f796565526f6c657c733a353a2261646d696e223b),
('e2dcc7d74f9ec71ecf74bbd5ebdf02e05cc58b21', '127.0.0.1', 1501739055, 0x5f5f63695f6c6173745f726567656e65726174657c693a313530313733393035353b456d706c6f79656549447c733a313a2234223b456d706c6f796565464e616d657c733a333a22646576223b456d706c6f7965654c4e616d657c733a343a2274657374223b456d706c6f796565526f6c657c733a353a2261646d696e223b),
('597cb58c99c53446d8e5751c385310255b90d740', '127.0.0.1', 1501739531, 0x5f5f63695f6c6173745f726567656e65726174657c693a313530313733393533313b456d706c6f79656549447c733a313a2234223b456d706c6f796565464e616d657c733a333a22646576223b456d706c6f7965654c4e616d657c733a343a2274657374223b456d706c6f796565526f6c657c733a353a2261646d696e223b),
('ec59a4fae5fd9e81705a43154426dacc340ee5f9', '127.0.0.1', 1501741416, 0x5f5f63695f6c6173745f726567656e65726174657c693a313530313734313239343b456d706c6f79656549447c733a313a2234223b456d706c6f796565464e616d657c733a333a22646576223b456d706c6f7965654c4e616d657c733a343a2274657374223b456d706c6f796565526f6c657c733a353a2261646d696e223b),
('5b7b2fae966ef8dd703a9819052e1e8e73aaf1ed', '127.0.0.1', 1501741877, 0x5f5f63695f6c6173745f726567656e65726174657c693a313530313734313636383b456d706c6f79656549447c733a313a2234223b456d706c6f796565464e616d657c733a333a22646576223b456d706c6f7965654c4e616d657c733a343a2274657374223b456d706c6f796565526f6c657c733a353a2261646d696e223b),
('0fba200d992c25f10653ced7d40c602d8ee9a984', '127.0.0.1', 1501742552, 0x5f5f63695f6c6173745f726567656e65726174657c693a313530313734323330393b456d706c6f79656549447c733a313a2234223b456d706c6f796565464e616d657c733a333a22646576223b456d706c6f7965654c4e616d657c733a343a2274657374223b456d706c6f796565526f6c657c733a353a2261646d696e223b),
('766c06cac2433ed32ca37aeb5d7659761542408b', '127.0.0.1', 1501742732, 0x5f5f63695f6c6173745f726567656e65726174657c693a313530313734323632333b456d706c6f79656549447c733a313a2234223b456d706c6f796565464e616d657c733a333a22646576223b456d706c6f7965654c4e616d657c733a343a2274657374223b456d706c6f796565526f6c657c733a353a2261646d696e223b),
('401ff8140ca1cfde84cf39d5a7ca786e9a5ad13c', '127.0.0.1', 1501743229, 0x5f5f63695f6c6173745f726567656e65726174657c693a313530313734323933383b456d706c6f79656549447c733a313a2234223b456d706c6f796565464e616d657c733a333a22646576223b456d706c6f7965654c4e616d657c733a343a2274657374223b456d706c6f796565526f6c657c733a353a2261646d696e223b),
('bb78ca48f421ef918d485faca3dc2a33d8a1c499', '127.0.0.1', 1501743442, 0x5f5f63695f6c6173745f726567656e65726174657c693a313530313734333334303b456d706c6f796565526f6c657c733a353a2261646d696e223b456d706c6f79656549447c733a313a2234223b456d706c6f796565464e616d657c733a333a22646576223b456d706c6f7965654c4e616d657c733a343a2274657374223b),
('aca1ec8c73bc8a123f42eb20342da9ae3b52598f', '127.0.0.1', 1501743849, 0x5f5f63695f6c6173745f726567656e65726174657c693a313530313734333639353b456d706c6f796565526f6c657c733a353a2261646d696e223b456d706c6f79656549447c733a313a2234223b456d706c6f796565464e616d657c733a333a22646576223b456d706c6f7965654c4e616d657c733a343a2274657374223b),
('afbd174a33dbd96c2b71cadf886e4bc93154f18c', '127.0.0.1', 1501744327, 0x5f5f63695f6c6173745f726567656e65726174657c693a313530313734343234313b456d706c6f796565526f6c657c733a353a2261646d696e223b456d706c6f79656549447c733a313a2234223b456d706c6f796565464e616d657c733a333a22646576223b456d706c6f7965654c4e616d657c733a343a2274657374223b),
('053c3dfa353497d59fe4e1a68ce0c43a41dda28b', '127.0.0.1', 1501745675, 0x5f5f63695f6c6173745f726567656e65726174657c693a313530313734353634343b456d706c6f796565526f6c657c733a353a2261646d696e223b456d706c6f79656549447c733a313a2234223b456d706c6f796565464e616d657c733a333a22646576223b456d706c6f7965654c4e616d657c733a343a2274657374223b),
('dc657882277f47e906734c2de32be1a0ab84106e', '127.0.0.1', 1501749245, 0x5f5f63695f6c6173745f726567656e65726174657c693a313530313734383935373b456d706c6f796565526f6c657c733a353a2261646d696e223b456d706c6f79656549447c733a313a2234223b456d706c6f796565464e616d657c733a333a22646576223b456d706c6f7965654c4e616d657c733a343a2274657374223b),
('c2e83d79c32e18229f3beb63d108f473f8452dcb', '127.0.0.1', 1501749815, 0x5f5f63695f6c6173745f726567656e65726174657c693a313530313734393739343b456d706c6f796565526f6c657c733a353a2261646d696e223b456d706c6f79656549447c733a313a2234223b456d706c6f796565464e616d657c733a333a22646576223b456d706c6f7965654c4e616d657c733a343a2274657374223b),
('0790c5702d27e21fa9f71d8df2ad5adbaf51589f', '127.0.0.1', 1501751392, 0x5f5f63695f6c6173745f726567656e65726174657c693a313530313735313131353b456d706c6f796565526f6c657c733a353a2261646d696e223b456d706c6f79656549447c733a313a2234223b456d706c6f796565464e616d657c733a333a22646576223b456d706c6f7965654c4e616d657c733a343a2274657374223b),
('5b7db328514153f5055e3fca2c85f5a7dac9a57e', '127.0.0.1', 1501751734, 0x5f5f63695f6c6173745f726567656e65726174657c693a313530313735313435303b456d706c6f796565526f6c657c733a353a2261646d696e223b456d706c6f79656549447c733a313a2234223b456d706c6f796565464e616d657c733a333a22646576223b456d706c6f7965654c4e616d657c733a343a2274657374223b),
('290e4b76afaf11371de1389e96859365cbc5444e', '127.0.0.1', 1501752019, 0x5f5f63695f6c6173745f726567656e65726174657c693a313530313735313735373b456d706c6f796565526f6c657c733a353a2261646d696e223b456d706c6f79656549447c733a313a2234223b456d706c6f796565464e616d657c733a333a22646576223b456d706c6f7965654c4e616d657c733a343a2274657374223b),
('0f63f1b57dd4add95dba6e60f2764e9ae001d641', '127.0.0.1', 1501752373, 0x5f5f63695f6c6173745f726567656e65726174657c693a313530313735323130333b456d706c6f796565526f6c657c733a353a2261646d696e223b456d706c6f79656549447c733a313a2234223b456d706c6f796565464e616d657c733a333a22646576223b456d706c6f7965654c4e616d657c733a343a2274657374223b),
('fc4a6275ff4c970a32f5e0f4adbecca457f2f811', '127.0.0.1', 1501752868, 0x5f5f63695f6c6173745f726567656e65726174657c693a313530313735323532393b456d706c6f796565526f6c657c733a353a2261646d696e223b456d706c6f79656549447c733a313a2234223b456d706c6f796565464e616d657c733a333a22646576223b456d706c6f7965654c4e616d657c733a343a2274657374223b),
('3d4df25e506a3285231e5339fc4ea86d11230a4c', '127.0.0.1', 1501753239, 0x5f5f63695f6c6173745f726567656e65726174657c693a313530313735323931353b456d706c6f796565526f6c657c733a353a2261646d696e223b456d706c6f79656549447c733a313a2234223b456d706c6f796565464e616d657c733a333a22646576223b456d706c6f7965654c4e616d657c733a343a2274657374223b),
('920c1aac6efa5ba39dae0c1ec3776e137f74c595', '127.0.0.1', 1501753511, 0x5f5f63695f6c6173745f726567656e65726174657c693a313530313735333237333b456d706c6f796565526f6c657c733a353a2261646d696e223b456d706c6f79656549447c733a313a2234223b456d706c6f796565464e616d657c733a333a22646576223b456d706c6f7965654c4e616d657c733a343a2274657374223b),
('443477cf49b2251f50ed6928724bbff05d92832e', '127.0.0.1', 1501754000, 0x5f5f63695f6c6173745f726567656e65726174657c693a313530313735333639323b456d706c6f796565526f6c657c733a353a2261646d696e223b456d706c6f79656549447c733a313a2234223b456d706c6f796565464e616d657c733a333a22646576223b456d706c6f7965654c4e616d657c733a343a2274657374223b),
('508c73ac6d1144db0c2a0009a6a98b247c9d85c4', '127.0.0.1', 1501754224, 0x5f5f63695f6c6173745f726567656e65726174657c693a313530313735343134333b456d706c6f796565526f6c657c733a353a2261646d696e223b456d706c6f79656549447c733a313a2234223b456d706c6f796565464e616d657c733a333a22646576223b456d706c6f7965654c4e616d657c733a343a2274657374223b),
('bf3db0c200f10068cfea44cf881e3600bdc09b45', '127.0.0.1', 1501755006, 0x5f5f63695f6c6173745f726567656e65726174657c693a313530313735343730323b456d706c6f796565526f6c657c733a353a2261646d696e223b456d706c6f79656549447c733a313a2234223b456d706c6f796565464e616d657c733a333a22646576223b456d706c6f7965654c4e616d657c733a343a2274657374223b),
('3c9c3da758edd5b295b1e35f57edb251e9f6ed15', '127.0.0.1', 1501755365, 0x5f5f63695f6c6173745f726567656e65726174657c693a313530313735353037353b456d706c6f796565526f6c657c733a353a2261646d696e223b456d706c6f79656549447c733a313a2234223b456d706c6f796565464e616d657c733a333a22646576223b456d706c6f7965654c4e616d657c733a343a2274657374223b),
('30cfa7cca94c8bce160a35b6ac9eba366ca5cc40', '127.0.0.1', 1501755700, 0x5f5f63695f6c6173745f726567656e65726174657c693a313530313735353339303b456d706c6f796565526f6c657c733a353a2261646d696e223b456d706c6f79656549447c733a313a2234223b456d706c6f796565464e616d657c733a333a22646576223b456d706c6f7965654c4e616d657c733a343a2274657374223b),
('df532d8ec3f90276461b070da97dd67ab84b9665', '127.0.0.1', 1501756040, 0x5f5f63695f6c6173745f726567656e65726174657c693a313530313735353830363b456d706c6f796565526f6c657c733a353a2261646d696e223b456d706c6f79656549447c733a313a2234223b456d706c6f796565464e616d657c733a333a22646576223b456d706c6f7965654c4e616d657c733a343a2274657374223b),
('3dd2b5e6790365fd376ff449e73fb5d023ba948c', '127.0.0.1', 1501756463, 0x5f5f63695f6c6173745f726567656e65726174657c693a313530313735363137313b456d706c6f796565526f6c657c733a353a2261646d696e223b456d706c6f79656549447c733a313a2234223b456d706c6f796565464e616d657c733a333a22646576223b456d706c6f7965654c4e616d657c733a343a2274657374223b),
('76db5f37fc15228194b81b3e5ed64b64bd105387', '127.0.0.1', 1501756599, 0x5f5f63695f6c6173745f726567656e65726174657c693a313530313735363438373b456d706c6f796565526f6c657c733a353a2261646d696e223b456d706c6f79656549447c733a313a2234223b456d706c6f796565464e616d657c733a333a22646576223b456d706c6f7965654c4e616d657c733a343a2274657374223b),
('eb43947eae7e044a7ffd802ab526c0aab5606da2', '127.0.0.1', 1501757190, 0x5f5f63695f6c6173745f726567656e65726174657c693a313530313735363930363b456d706c6f796565526f6c657c733a353a2261646d696e223b456d706c6f79656549447c733a313a2234223b456d706c6f796565464e616d657c733a333a22646576223b456d706c6f7965654c4e616d657c733a343a2274657374223b),
('05e2145518e8ccfb809618c5c71d43226e288a6f', '127.0.0.1', 1501757224, 0x5f5f63695f6c6173745f726567656e65726174657c693a313530313735373232343b456d706c6f796565526f6c657c733a353a2261646d696e223b456d706c6f79656549447c733a313a2234223b456d706c6f796565464e616d657c733a333a22646576223b456d706c6f7965654c4e616d657c733a343a2274657374223b),
('1095c7097570e4caca833bb8c731f44263689021', '127.0.0.1', 1501758120, 0x5f5f63695f6c6173745f726567656e65726174657c693a313530313735373834313b456d706c6f796565526f6c657c733a353a2261646d696e223b456d706c6f79656549447c733a313a2234223b456d706c6f796565464e616d657c733a333a22646576223b456d706c6f7965654c4e616d657c733a343a2274657374223b),
('515f663f9ec4c71b9aec66e874f5e9b239dce146', '127.0.0.1', 1501758329, 0x5f5f63695f6c6173745f726567656e65726174657c693a313530313735383134363b456d706c6f796565526f6c657c733a353a2261646d696e223b456d706c6f79656549447c733a313a2234223b456d706c6f796565464e616d657c733a333a22646576223b456d706c6f7965654c4e616d657c733a343a2274657374223b),
('480e434471269de07fe7163d7109ff807d8cb68b', '127.0.0.1', 1501759225, 0x5f5f63695f6c6173745f726567656e65726174657c693a313530313735383932383b456d706c6f796565526f6c657c733a353a2261646d696e223b456d706c6f79656549447c733a313a2234223b456d706c6f796565464e616d657c733a333a22646576223b456d706c6f7965654c4e616d657c733a343a2274657374223b),
('6eae80de9fe53d2af468bfe133e785ec9e7296a8', '127.0.0.1', 1501759311, 0x5f5f63695f6c6173745f726567656e65726174657c693a313530313735393237343b456d706c6f796565526f6c657c733a353a2261646d696e223b456d706c6f79656549447c733a313a2234223b456d706c6f796565464e616d657c733a333a22646576223b456d706c6f7965654c4e616d657c733a343a2274657374223b),
('39ba950fef2b971a1233d4a76236656e84aa78bf', '127.0.0.1', 1501760240, 0x5f5f63695f6c6173745f726567656e65726174657c693a313530313735393934363b456d706c6f796565526f6c657c733a353a2261646d696e223b456d706c6f79656549447c733a313a2234223b456d706c6f796565464e616d657c733a333a22646576223b456d706c6f7965654c4e616d657c733a343a2274657374223b),
('312cdcc1ef81ec6cbb22239ae0ff39adf0986286', '127.0.0.1', 1501760389, 0x5f5f63695f6c6173745f726567656e65726174657c693a313530313736303237343b456d706c6f796565526f6c657c733a353a2261646d696e223b456d706c6f79656549447c733a313a2234223b456d706c6f796565464e616d657c733a333a22646576223b456d706c6f7965654c4e616d657c733a343a2274657374223b),
('af254e08f147bff90770ec23cd9a58570e45bb87', '127.0.0.1', 1501761438, 0x5f5f63695f6c6173745f726567656e65726174657c693a313530313736313132363b456d706c6f796565526f6c657c733a353a2261646d696e223b456d706c6f79656549447c733a313a2234223b456d706c6f796565464e616d657c733a333a22646576223b456d706c6f7965654c4e616d657c733a343a2274657374223b),
('833e87de74a1153badd380fae924aae58e3f5807', '127.0.0.1', 1501761830, 0x5f5f63695f6c6173745f726567656e65726174657c693a313530313736313534353b456d706c6f796565526f6c657c733a353a2261646d696e223b456d706c6f79656549447c733a313a2234223b456d706c6f796565464e616d657c733a333a22646576223b456d706c6f7965654c4e616d657c733a343a2274657374223b),
('ba0dfa14e44d55991f45ea7bd8a48573eae0c63a', '127.0.0.1', 1501761901, 0x5f5f63695f6c6173745f726567656e65726174657c693a313530313736313930313b456d706c6f796565526f6c657c733a353a2261646d696e223b456d706c6f79656549447c733a313a2234223b456d706c6f796565464e616d657c733a333a22646576223b456d706c6f7965654c4e616d657c733a343a2274657374223b),
('1bb380ac5eb7bc6073eb62175749273de8ed99a9', '127.0.0.1', 1501762796, 0x5f5f63695f6c6173745f726567656e65726174657c693a313530313736323739363b456d706c6f796565526f6c657c733a353a2261646d696e223b456d706c6f79656549447c733a313a2234223b456d706c6f796565464e616d657c733a333a22646576223b456d706c6f7965654c4e616d657c733a343a2274657374223b),
('6c9335414f32b652b67866319376c2d1e346fb5c', '127.0.0.1', 1501763517, 0x5f5f63695f6c6173745f726567656e65726174657c693a313530313736333133353b456d706c6f796565526f6c657c733a353a2261646d696e223b456d706c6f79656549447c733a313a2234223b456d706c6f796565464e616d657c733a333a22646576223b456d706c6f7965654c4e616d657c733a343a2274657374223b),
('2e39c1892f2732c53c339f7a99f895d1df305df6', '127.0.0.1', 1501763816, 0x5f5f63695f6c6173745f726567656e65726174657c693a313530313736333531383b456d706c6f796565526f6c657c733a353a2261646d696e223b456d706c6f79656549447c733a313a2234223b456d706c6f796565464e616d657c733a333a22646576223b456d706c6f7965654c4e616d657c733a343a2274657374223b),
('d7641607c1caf9ccb6516f106c41324f01821d3b', '127.0.0.1', 1501764116, 0x5f5f63695f6c6173745f726567656e65726174657c693a313530313736333833373b456d706c6f796565526f6c657c733a353a2261646d696e223b456d706c6f79656549447c733a313a2234223b456d706c6f796565464e616d657c733a333a22646576223b456d706c6f7965654c4e616d657c733a343a2274657374223b),
('997c661f6b65c36b5552e2e7c0119ee06aeda45e', '127.0.0.1', 1501764419, 0x5f5f63695f6c6173745f726567656e65726174657c693a313530313736343235333b456d706c6f796565526f6c657c733a353a2261646d696e223b456d706c6f79656549447c733a313a2234223b456d706c6f796565464e616d657c733a333a22646576223b456d706c6f7965654c4e616d657c733a343a2274657374223b),
('d4220cce5e2ffc7e859ca70aa388e3476409b41f', '127.0.0.1', 1501764814, 0x5f5f63695f6c6173745f726567656e65726174657c693a313530313736343735303b456d706c6f796565526f6c657c733a353a2261646d696e223b456d706c6f79656549447c733a313a2234223b456d706c6f796565464e616d657c733a333a22646576223b456d706c6f7965654c4e616d657c733a343a2274657374223b),
('92ce0e74136331efab2405866c2a08b108989721', '127.0.0.1', 1501765992, 0x5f5f63695f6c6173745f726567656e65726174657c693a313530313736353730313b456d706c6f796565526f6c657c733a353a2261646d696e223b456d706c6f79656549447c733a313a2234223b456d706c6f796565464e616d657c733a333a22646576223b456d706c6f7965654c4e616d657c733a343a2274657374223b),
('dc4138cb4d3c3b7a12b28579f91b44ab77d49822', '127.0.0.1', 1501766616, 0x5f5f63695f6c6173745f726567656e65726174657c693a313530313736363435363b456d706c6f796565526f6c657c733a353a2261646d696e223b456d706c6f79656549447c733a313a2234223b456d706c6f796565464e616d657c733a333a22646576223b456d706c6f7965654c4e616d657c733a343a2274657374223b),
('8235c9205af33d4d3c513e67dc935707b40163a2', '127.0.0.1', 1501767120, 0x5f5f63695f6c6173745f726567656e65726174657c693a313530313736373031393b456d706c6f796565526f6c657c733a353a2261646d696e223b456d706c6f79656549447c733a313a2234223b456d706c6f796565464e616d657c733a333a22646576223b456d706c6f7965654c4e616d657c733a343a2274657374223b),
('945b5421891b1f720ab39a0ff7467532209ffb8f', '127.0.0.1', 1501767538, 0x5f5f63695f6c6173745f726567656e65726174657c693a313530313736373438393b456d706c6f796565526f6c657c733a353a2261646d696e223b456d706c6f79656549447c733a313a2234223b456d706c6f796565464e616d657c733a333a22646576223b456d706c6f7965654c4e616d657c733a343a2274657374223b),
('651a26f989514e5fae9d575a61193aa399ce4d7a', '127.0.0.1', 1501768097, 0x5f5f63695f6c6173745f726567656e65726174657c693a313530313736373934363b456d706c6f796565526f6c657c733a353a2261646d696e223b456d706c6f79656549447c733a313a2234223b456d706c6f796565464e616d657c733a333a22646576223b456d706c6f7965654c4e616d657c733a343a2274657374223b),
('61d00d917aa331c5e0434861421b1e8921e44c6a', '127.0.0.1', 1501768715, 0x5f5f63695f6c6173745f726567656e65726174657c693a313530313736383430363b456d706c6f796565526f6c657c733a353a2261646d696e223b456d706c6f79656549447c733a313a2234223b456d706c6f796565464e616d657c733a333a22646576223b456d706c6f7965654c4e616d657c733a343a2274657374223b),
('30df2f6b2170de4913450ba79329af17723eccef', '127.0.0.1', 1501769319, 0x5f5f63695f6c6173745f726567656e65726174657c693a313530313736393331373b456d706c6f796565526f6c657c733a353a2261646d696e223b),
('4aed9c37906d84e4e51f4548cd3ce4fd6642d77f', '127.0.0.1', 1501820585, 0x5f5f63695f6c6173745f726567656e65726174657c693a313530313832303338383b),
('a8ecd08420bb7ce02b20372ffdfbb51f9fb27ef7', '127.0.0.1', 1501820800, 0x5f5f63695f6c6173745f726567656e65726174657c693a313530313832303730323b456d706c6f79656549447c733a313a2234223b456d706c6f796565464e616d657c733a333a22646576223b456d706c6f7965654c4e616d657c733a343a2274657374223b456d706c6f796565526f6c657c733a353a2261646d696e223b),
('a7636a239df34483ca536d6afecfcdf44cd4eb05', '127.0.0.1', 1501821802, 0x5f5f63695f6c6173745f726567656e65726174657c693a313530313832313531343b456d706c6f79656549447c733a313a2234223b456d706c6f796565464e616d657c733a333a22646576223b456d706c6f7965654c4e616d657c733a343a2274657374223b456d706c6f796565526f6c657c733a353a2261646d696e223b),
('f0383c49c3fc1e6667765156956d4fa1da9b498c', '127.0.0.1', 1501822533, 0x5f5f63695f6c6173745f726567656e65726174657c693a313530313832323432393b456d706c6f79656549447c733a313a2234223b456d706c6f796565464e616d657c733a333a22646576223b456d706c6f7965654c4e616d657c733a343a2274657374223b456d706c6f796565526f6c657c733a353a2261646d696e223b4572726f72737c613a313a7b693a303b613a313a7b693a303b733a36393a224f4f50532e2e2e2120576520617265206e6f742061626c6520746f20726567697374657220796f75206e6f772e20506c656173652074727920616761696e206c617465722e223b7d7d5f5f63695f766172737c613a313a7b733a363a224572726f7273223b733a333a226f6c64223b7d),
('dddcf231a4da6fa13a02de44b27dca319d9833da', '127.0.0.1', 1501822823, 0x5f5f63695f6c6173745f726567656e65726174657c693a313530313832323832333b456d706c6f79656549447c733a313a2234223b456d706c6f796565464e616d657c733a333a22646576223b456d706c6f7965654c4e616d657c733a343a2274657374223b456d706c6f796565526f6c657c733a353a2261646d696e223b),
('a2d5a175389ff0dccd30ff5a606545058890ae96', '127.0.0.1', 1501823419, 0x5f5f63695f6c6173745f726567656e65726174657c693a313530313832333133383b456d706c6f796565526f6c657c733a353a2261646d696e223b),
('64e3e578878b6872cb110384e60ff205eccdf448', '127.0.0.1', 1501823654, 0x5f5f63695f6c6173745f726567656e65726174657c693a313530313832333435363b456d706c6f796565526f6c657c733a353a2261646d696e223b4572726f72737c733a36323a2255736572206973206e6f74207265676973746572656420776974682075732e20506c6561736520636865636b20757365726e616d6520656e74657265642e223b5f5f63695f766172737c613a313a7b733a363a224572726f7273223b733a333a226f6c64223b7d),
('2805986b30c7f44325b460a16124f36b4ca38db1', '127.0.0.1', 1501824203, 0x5f5f63695f6c6173745f726567656e65726174657c693a313530313832333931323b456d706c6f796565526f6c657c733a353a2261646d696e223b),
('40521ef60ed04c0fc2c2839d231ccd39538c3a37', '127.0.0.1', 1501824380, 0x5f5f63695f6c6173745f726567656e65726174657c693a313530313832343233323b456d706c6f796565526f6c657c733a353a2261646d696e223b),
('678027453f9a48da98765ff71b530d7bad72fa2d', '127.0.0.1', 1501825097, 0x5f5f63695f6c6173745f726567656e65726174657c693a313530313832343935353b456d706c6f796565526f6c657c733a353a2261646d696e223b4572726f72737c733a36323a2255736572206973206e6f74207265676973746572656420776974682075732e20506c6561736520636865636b20757365726e616d6520656e74657265642e223b5f5f63695f766172737c613a313a7b733a363a224572726f7273223b733a333a226f6c64223b7d),
('dfb5f33f4ba17e2ad109ded0786f811586c8ea29', '127.0.0.1', 1501825421, 0x5f5f63695f6c6173745f726567656e65726174657c693a313530313832353430373b),
('3bf7d3137f8d3b8dd5a209e2348c63387df8a35c', '127.0.0.1', 1501825788, 0x5f5f63695f6c6173745f726567656e65726174657c693a313530313832353738383b),
('c289cfb74972b0b6f4c7ad50e96888ee4ca6f20e', '127.0.0.1', 1501826340, 0x5f5f63695f6c6173745f726567656e65726174657c693a313530313832363334303b456d706c6f796565526f6c657c733a353a2261646d696e223b),
('0894f18dd4c74ec7af2da36f8aaa2afdb60196e0', '127.0.0.1', 1501826340, 0x5f5f63695f6c6173745f726567656e65726174657c693a313530313832363334303b456d706c6f796565526f6c657c733a353a2261646d696e223b456d706c6f79656549447c733a313a2234223b456d706c6f796565464e616d657c733a333a22646576223b456d706c6f7965654c4e616d657c733a343a2274657374223b),
('a7a3e0d84b27206d85ad64f3f900f7b5d19c5119', '127.0.0.1', 1501826543, 0x5f5f63695f6c6173745f726567656e65726174657c693a313530313832363335303b456d706c6f796565526f6c657c733a353a2261646d696e223b456d706c6f79656549447c733a313a2234223b456d706c6f796565464e616d657c733a333a22646576223b456d706c6f7965654c4e616d657c733a343a2274657374223b),
('00b0897e2ff8a9c3ad2356149f8d6f6d27d2273b', '127.0.0.1', 1501831682, 0x5f5f63695f6c6173745f726567656e65726174657c693a313530313833313536323b456d706c6f796565526f6c657c733a353a2261646d696e223b456d706c6f79656549447c733a313a2234223b456d706c6f796565464e616d657c733a333a22646576223b456d706c6f7965654c4e616d657c733a343a2274657374223b),
('bcfd8553d11dbec1b91c80e6aabe91ed8c09425f', '127.0.0.1', 1501831981, 0x5f5f63695f6c6173745f726567656e65726174657c693a313530313833313938313b456d706c6f796565526f6c657c733a353a2261646d696e223b456d706c6f79656549447c733a313a2234223b456d706c6f796565464e616d657c733a333a22646576223b456d706c6f7965654c4e616d657c733a343a2274657374223b),
('f230e39907da88bb7768e0d3dfce4cbeba26de22', '127.0.0.1', 1501835906, 0x5f5f63695f6c6173745f726567656e65726174657c693a313530313833353930363b456d706c6f796565526f6c657c733a353a2261646d696e223b456d706c6f79656549447c733a313a2234223b456d706c6f796565464e616d657c733a333a22646576223b456d706c6f7965654c4e616d657c733a343a2274657374223b),
('538ddb427847fcf80cda362efc6b4c2b23cdc9da', '127.0.0.1', 1501842394, 0x5f5f63695f6c6173745f726567656e65726174657c693a313530313834323339333b456d706c6f796565526f6c657c733a353a2261646d696e223b456d706c6f79656549447c733a313a2234223b456d706c6f796565464e616d657c733a333a22646576223b456d706c6f7965654c4e616d657c733a343a2274657374223b),
('9d27ab0b5fc014be08b1c7f9f3fee67a6f0152da', '127.0.0.1', 1501844762, 0x5f5f63695f6c6173745f726567656e65726174657c693a313530313834343539323b456d706c6f796565526f6c657c733a353a2261646d696e223b456d706c6f79656549447c733a313a2234223b456d706c6f796565464e616d657c733a333a22646576223b456d706c6f7965654c4e616d657c733a343a2274657374223b),
('14d2f665e4b0697cb59d108457a03a68cf0e7e5b', '127.0.0.1', 1501845148, 0x5f5f63695f6c6173745f726567656e65726174657c693a313530313834353038343b456d706c6f796565526f6c657c733a353a2261646d696e223b456d706c6f79656549447c733a313a2234223b456d706c6f796565464e616d657c733a333a22646576223b456d706c6f7965654c4e616d657c733a343a2274657374223b),
('d1ac35bf4bf0fdd6d2be611deaf4a482de21682c', '127.0.0.1', 1501845615, 0x5f5f63695f6c6173745f726567656e65726174657c693a313530313834353434303b456d706c6f796565526f6c657c733a353a2261646d696e223b456d706c6f79656549447c733a313a2234223b456d706c6f796565464e616d657c733a333a22646576223b456d706c6f7965654c4e616d657c733a343a2274657374223b),
('19d9e9480d5a0f80c93b4a263e420423f9163b02', '127.0.0.1', 1501845898, 0x5f5f63695f6c6173745f726567656e65726174657c693a313530313834353737313b456d706c6f796565526f6c657c733a353a2261646d696e223b456d706c6f79656549447c733a313a2234223b456d706c6f796565464e616d657c733a333a22646576223b456d706c6f7965654c4e616d657c733a343a2274657374223b),
('f2953991867042c55b87e39dda49f035fe13d534', '127.0.0.1', 1501846355, 0x5f5f63695f6c6173745f726567656e65726174657c693a313530313834363039323b456d706c6f796565526f6c657c733a353a2261646d696e223b456d706c6f79656549447c733a313a2234223b456d706c6f796565464e616d657c733a333a22646576223b456d706c6f7965654c4e616d657c733a343a2274657374223b),
('d0338bf7f006c252e967f5738af75f8f00668390', '127.0.0.1', 1501846915, 0x5f5f63695f6c6173745f726567656e65726174657c693a313530313834363632343b456d706c6f796565526f6c657c733a353a2261646d696e223b456d706c6f79656549447c733a313a2234223b456d706c6f796565464e616d657c733a333a22646576223b456d706c6f7965654c4e616d657c733a343a2274657374223b),
('80eee3ade80ac02bd7f9805a42e08190df32ca61', '127.0.0.1', 1501847342, 0x5f5f63695f6c6173745f726567656e65726174657c693a313530313834373333363b456d706c6f796565526f6c657c733a353a2261646d696e223b456d706c6f79656549447c733a313a2234223b456d706c6f796565464e616d657c733a333a22646576223b456d706c6f7965654c4e616d657c733a343a2274657374223b),
('1bc185e9c96f90ad397311e33803d0517d164b39', '127.0.0.1', 1501849254, 0x5f5f63695f6c6173745f726567656e65726174657c693a313530313834383935373b456d706c6f796565526f6c657c733a353a2261646d696e223b456d706c6f79656549447c733a313a2234223b456d706c6f796565464e616d657c733a333a22646576223b456d706c6f7965654c4e616d657c733a343a2274657374223b),
('34325bd53abbe79b76527122483a85a6001b7d0c', '127.0.0.1', 1501849473, 0x5f5f63695f6c6173745f726567656e65726174657c693a313530313834393236383b456d706c6f796565526f6c657c733a353a2261646d696e223b456d706c6f79656549447c733a313a2234223b456d706c6f796565464e616d657c733a333a22646576223b456d706c6f7965654c4e616d657c733a343a2274657374223b),
('f1482dffbcf700089849ac56fa32877d7d280773', '127.0.0.1', 1501850344, 0x5f5f63695f6c6173745f726567656e65726174657c693a313530313835303238313b456d706c6f796565526f6c657c733a353a2261646d696e223b456d706c6f79656549447c733a313a2234223b456d706c6f796565464e616d657c733a333a22646576223b456d706c6f7965654c4e616d657c733a343a2274657374223b),
('e8996896b1b956ae93cfcc0897c52a601d85ce2a', '127.0.0.1', 1501850999, 0x5f5f63695f6c6173745f726567656e65726174657c693a313530313835303734303b456d706c6f796565526f6c657c733a353a2261646d696e223b456d706c6f79656549447c733a313a2234223b456d706c6f796565464e616d657c733a333a22646576223b456d706c6f7965654c4e616d657c733a343a2274657374223b),
('fad23c579a38c221a9ac93eba2524c52eb2d8d4c', '127.0.0.1', 1501851259, 0x5f5f63695f6c6173745f726567656e65726174657c693a313530313835313235393b456d706c6f796565526f6c657c733a353a2261646d696e223b456d706c6f79656549447c733a313a2234223b456d706c6f796565464e616d657c733a333a22646576223b456d706c6f7965654c4e616d657c733a343a2274657374223b),
('4e8ed47be439e388f9e9a8b16d316dd670daa0ba', '127.0.0.1', 1501851773, 0x5f5f63695f6c6173745f726567656e65726174657c693a313530313835313733333b456d706c6f796565526f6c657c733a353a2261646d696e223b456d706c6f79656549447c733a313a2234223b456d706c6f796565464e616d657c733a333a22646576223b456d706c6f7965654c4e616d657c733a343a2274657374223b),
('d2f88d05507296cdfd7c5ce430915c80040369e5', '127.0.0.1', 1501852331, 0x5f5f63695f6c6173745f726567656e65726174657c693a313530313835323135323b456d706c6f79656549447c733a313a2234223b456d706c6f796565464e616d657c733a333a22646576223b456d706c6f7965654c4e616d657c733a343a2274657374223b456d706c6f796565526f6c657c733a353a2261646d696e223b),
('37c36ef44522dbc3963c0b473581ca61037747f2', '127.0.0.1', 1501852491, 0x5f5f63695f6c6173745f726567656e65726174657c693a313530313835323437383b456d706c6f79656549447c733a313a2234223b456d706c6f796565464e616d657c733a333a22646576223b456d706c6f7965654c4e616d657c733a343a2274657374223b456d706c6f796565526f6c657c733a353a2261646d696e223b);

-- --------------------------------------------------------

--
-- Table structure for table `pitch_certile_scores`
--

DROP TABLE IF EXISTS `pitch_certile_scores`;
CREATE TABLE IF NOT EXISTS `pitch_certile_scores` (
  `id` int(11) NOT NULL AUTO_INCREMENT,
  `age` varchar(8) NOT NULL,
  `gender` varchar(6) NOT NULL,
  `score` varchar(8) NOT NULL,
  `certile` int(5) NOT NULL,
  PRIMARY KEY (`id`)
) ENGINE=MyISAM  DEFAULT CHARSET=latin1 AUTO_INCREMENT=7 ;

--
-- Dumping data for table `pitch_certile_scores`
--

INSERT INTO `pitch_certile_scores` (`id`, `age`, `gender`, `score`, `certile`) VALUES
(1, '10-18', 'Male', '20-45', 55),
(2, '17-19', 'Female', '57', 95),
(3, '19-23', 'Female', '55', 66),
(4, '23-90', 'Male', '59', 100);

-- --------------------------------------------------------

--
-- Table structure for table `pitch_employees`
--

DROP TABLE IF EXISTS `pitch_employees`;
CREATE TABLE IF NOT EXISTS `pitch_employees` (
  `id` int(11) NOT NULL AUTO_INCREMENT,
  `firstname` varchar(25) NOT NULL,
  `lastname` varchar(25) NOT NULL,
  `username` varchar(25) NOT NULL,
  `passwd` varchar(50) NOT NULL,
  `avathar` varchar(100) DEFAULT NULL,
  `addeddate` datetime DEFAULT NULL,
  `role` varchar(5) NOT NULL,
  `active` tinyint(1) DEFAULT NULL,
  PRIMARY KEY (`id`),
  UNIQUE KEY `username` (`username`)
) ENGINE=InnoDB  DEFAULT CHARSET=utf8 AUTO_INCREMENT=6 ;

--
-- Dumping data for table `pitch_employees`
--

INSERT INTO `pitch_employees` (`id`, `firstname`, `lastname`, `username`, `passwd`, `avathar`, `addeddate`, `role`, `active`) VALUES
(3, 'aims', 'admin', 'aimadmin', '534bd18ed33f9386e42a3f33cad6dcc3', NULL, '2016-08-20 00:00:00', '', 1),
(4, 'dev', 'test', 'devtest', '90578217a199f05f32833d8ced80fb2e', 'NULL', '2016-08-20 00:00:00', 'admin', 1),
(5, 'test', 'dev', 'testdev', '90578217a199f05f32833d8ced80fb2e', 'NULL', '2016-08-20 00:00:00', 'staff', 1);

-- --------------------------------------------------------

--
-- Table structure for table `pitch_questions_order`
--

DROP TABLE IF EXISTS `pitch_questions_order`;
CREATE TABLE IF NOT EXISTS `pitch_questions_order` (
  `id` int(11) NOT NULL AUTO_INCREMENT,
  `question_order` varchar(8000) NOT NULL,
  `type` varchar(10) NOT NULL,
  PRIMARY KEY (`id`)
) ENGINE=MyISAM  DEFAULT CHARSET=latin1 AUTO_INCREMENT=2 ;

--
-- Dumping data for table `pitch_questions_order`
--

INSERT INTO `pitch_questions_order` (`id`, `question_order`, `type`) VALUES
(1, 'YToyOntzOjg6InByYWN0aWNlIjthOjM6e2k6MDtzOjM6IjE0OCI7aToxO3M6MzoiMTQ5IjtpOjI7czozOiIxNTAiO31zOjQ6InRlc3QiO2E6NDU6e2k6MDtzOjM6IjE1NyI7aToxO3M6MzoiMTA2IjtpOjI7czozOiIxMDciO2k6MztzOjM6IjEwNSI7aTo0O3M6MzoiMTA4IjtpOjU7czozOiIxMDkiO2k6NjtzOjM6IjExMCI7aTo3O3M6MzoiMTExIjtpOjg7czozOiIxMTIiO2k6OTtzOjM6IjExMyI7aToxMDtzOjM6IjExNCI7aToxMTtzOjM6IjExNSI7aToxMjtzOjM6IjExNiI7aToxMztzOjM6IjExNyI7aToxNDtzOjM6IjExOCI7aToxNTtzOjM6IjExOSI7aToxNjtzOjM6IjEyMCI7aToxNztzOjM6IjEyMSI7aToxODtzOjM6IjEyMiI7aToxOTtzOjM6IjEyMyI7aToyMDtzOjM6IjEyNCI7aToyMTtzOjM6IjEyNSI7aToyMjtzOjM6IjEyNiI7aToyMztzOjM6IjEyNyI7aToyNDtzOjM6IjEyOCI7aToyNTtzOjM6IjEyOSI7aToyNjtzOjM6IjEzMCI7aToyNztzOjM6IjEzMSI7aToyODtzOjM6IjEzMiI7aToyOTtzOjM6IjEzMyI7aTozMDtzOjM6IjEzNCI7aTozMTtzOjM6IjEzNSI7aTozMjtzOjM6IjEzNiI7aTozMztzOjM6IjEzNyI7aTozNDtzOjM6IjEzOCI7aTozNTtzOjM6IjEzOSI7aTozNjtzOjM6IjE0MCI7aTozNztzOjM6IjE0MSI7aTozODtzOjM6IjE0MiI7aTozOTtzOjM6IjE0MyI7aTo0MDtzOjM6IjE0NCI7aTo0MTtzOjM6IjE1MyI7aTo0MjtzOjM6IjE1NCI7aTo0MztzOjM6IjE1NSI7aTo0NDtzOjM6IjE1NiI7fX0=', 'questions');

--
-- Constraints for dumped tables
--

--
-- Constraints for table `aims_answers`
--
ALTER TABLE `aims_answers`
  ADD CONSTRAINT `aims_answers_ibfk_1` FOREIGN KEY (`questionid`) REFERENCES `aims_questions` (`id`),
  ADD CONSTRAINT `aims_answers_ibfk_2` FOREIGN KEY (`optionid`) REFERENCES `aims_question_options` (`id`);

--
-- Constraints for table `aims_question_options`
--
ALTER TABLE `aims_question_options`
  ADD CONSTRAINT `aims_question_options_ibfk_1` FOREIGN KEY (`questionid`) REFERENCES `aims_questions` (`id`);

--
-- Constraints for table `aims_user_answers`
--
ALTER TABLE `aims_user_answers`
  ADD CONSTRAINT `aims_user_answers_ibfk_1` FOREIGN KEY (`userid`) REFERENCES `aims_users` (`id`),
  ADD CONSTRAINT `aims_user_answers_ibfk_2` FOREIGN KEY (`questionid`) REFERENCES `aims_questions` (`id`);

/*!40101 SET CHARACTER_SET_CLIENT=@OLD_CHARACTER_SET_CLIENT */;
/*!40101 SET CHARACTER_SET_RESULTS=@OLD_CHARACTER_SET_RESULTS */;
/*!40101 SET COLLATION_CONNECTION=@OLD_COLLATION_CONNECTION */;
